Country,0,1,2,3,4,5,6,7,8,9,10,11,12,13,14,15,16,17,18,19,20,21,22,23,24,25,26,27,28,29,30,31,32,33,34,35,36,37,38,39,40,41,42,43,44,45,46,47,48,49,50,51,52
Aruba,0.0,0.0,0.0,0.0,0.0,0.0,0.0,0.0,0.0,0.0,0.0,0.0,0.0,0.0,0.0,0.0,0.0,0.0,0.0,0.0,0.0,0.0,0.0,0.0,0.0,0.0,0.0,0.0,0.0,0.0,0.0,0.0,0.0,0.0,0.0,0.0,0.0,0.0,0.0,0.0,0.0,0.0,0.0,0.0,0.0,0.0,0.0,0.0,0.0,0.0,0.0,0.0,0.0
Afghanistan,0.0,0.0,0.0,0.0,0.0,0.0,0.0,0.0,0.0,0.0,0.0,0.0,0.0,0.0,0.0,0.0,0.0,0.0,0.0,0.0,0.0,0.0,0.0,0.0,0.0,0.0,0.0,0.0,0.0,0.0,0.0,0.0,0.0,0.0,0.0,0.0,0.0,0.0,0.0,0.0,0.0,0.0,0.0,0.0,0.0,0.0,0.0,0.0,0.0,0.0,0.0,0.0,0.0
Angola,0.0,0.0,0.0,0.0,0.0,0.0,0.0,0.0,0.0,0.0,0.0,0.0,0.0,0.0,0.0,0.0,0.0,0.0,0.0,0.0,0.0,0.0,0.0,0.0,0.0,0.0,0.0,0.0,0.0,0.0,0.0,0.0,0.0,0.0,0.0,0.0,0.0,0.0,0.0,0.0,0.0,0.0,0.0,0.0,0.0,0.0,0.0,0.0,0.0,0.0,0.0,0.0,0.0
Albania,0.0,0.0,0.0,0.0,0.0,0.0,0.0,0.0,0.0,0.0,0.0,0.0,0.0,0.0,0.0,0.0,0.0,0.0,0.0,0.0,0.0,0.0,0.0,0.0,0.0,0.0,0.0,0.0,0.0,0.0,0.0,0.0,0.0,0.0,0.0,0.0,0.0,0.0,0.0,0.0,0.0,0.0,0.0,0.0,0.0,0.0,0.0,0.0,0.0,0.0,0.0,0.0,0.0
Andorra,0.0,0.0,0.0,0.0,0.0,0.0,0.0,0.0,0.0,0.0,0.0,0.0,0.0,0.0,0.0,0.0,0.0,0.0,0.0,0.0,0.0,0.0,0.0,0.0,0.0,0.0,0.0,0.0,0.0,0.0,0.0,0.0,0.0,0.0,0.0,0.0,0.0,0.0,0.0,0.0,0.0,0.0,0.0,0.0,0.0,0.0,0.0,0.0,0.0,0.0,0.0,0.0,0.0
United Arab Emirates,0,0,0,0,0,(6.0+/-3.5)e+05,(1.2+/-0.7)e+06,(1.8+/-1.1)e+06,(2.4+/-1.4)e+06,(3.0+/-1.8)e+06,(3.6+/-2.1)e+06,(4.2+/-2.5)e+06,(4.8+/-2.8)e+06,(5.4+/-3.2)e+06,(6.0+/-3.5)e+06,(7+/-4)e+06,(7+/-4)e+06,(8+/-5)e+06,(8+/-5)e+06,(9+/-5)e+06,(1.0+/-0.6)e+07,(1.0+/-0.6)e+07,(1.1+/-0.6)e+07,(1.1+/-0.7)e+07,(1.2+/-0.7)e+07,(1.3+/-0.7)e+07,(1.3+/-0.8)e+07,(1.4+/-0.8)e+07,(1.4+/-0.8)e+07,(1.5+/-0.9)e+07,(1.6+/-0.9)e+07,(1.6+/-1.0)e+07,(1.7+/-1.0)e+07,(1.7+/-1.0)e+07,(1.8+/-1.1)e+07,(1.9+/-1.1)e+07,(1.9+/-1.1)e+07,(2.0+/-1.2)e+07,(2.0+/-1.2)e+07,(2.1+/-1.2)e+07,(2.2+/-1.3)e+07,(2.2+/-1.3)e+07,(2.3+/-1.3)e+07,(2.3+/-1.4)e+07,(2.4+/-1.4)e+07,(2.5+/-1.4)e+07,(2.5+/-1.5)e+07,(2.6+/-1.5)e+07,(2.6+/-1.6)e+07,(2.7+/-1.6)e+07,(2.8+/-1.6)e+07,(2.8+/-1.7)e+07,(2.9+/-1.7)e+07
Argentina,0,0,0,0,0,0,0,(1.0+/-0.6)e+06,(1.9+/-1.1)e+06,(2.9+/-1.7)e+06,(3.9+/-2.3)e+06,(4.9+/-2.9)e+06,(5.8+/-3.4)e+06,(7+/-4)e+06,(8+/-5)e+06,(9+/-5)e+06,(1.0+/-0.6)e+07,(1.1+/-0.6)e+07,(1.2+/-0.7)e+07,(1.3+/-0.7)e+07,(1.4+/-0.8)e+07,(1.5+/-0.9)e+07,(1.6+/-0.9)e+07,(1.7+/-1.0)e+07,(1.8+/-1.0)e+07,(1.9+/-1.1)e+07,(1.9+/-1.1)e+07,(2.0+/-1.2)e+07,(2.1+/-1.3)e+07,(2.2+/-1.3)e+07,(2.3+/-1.4)e+07,(2.4+/-1.4)e+07,(2.5+/-1.5)e+07,(2.6+/-1.5)e+07,(2.7+/-1.6)e+07,(2.8+/-1.7)e+07,(2.9+/-1.7)e+07,(3.0+/-1.8)e+07,(3.1+/-1.8)e+07,(3.2+/-1.9)e+07,(3.3+/-1.9)e+07,(3.4+/-2.0)e+07,(3.5+/-2.1)e+07,(3.6+/-2.1)e+07,(3.7+/-2.2)e+07,(3.8+/-2.2)e+07,(3.9+/-2.3)e+07,(4.0+/-2.4)e+07,(4.1+/-2.4)e+07,(4.2+/-2.5)e+07,(4.3+/-2.5)e+07,(4.4+/-2.6)e+07,(4.5+/-2.6)e+07
Armenia,0.0,0.0,0.0,0.0,0.0,0.0,0.0,0.0,0.0,0.0,0.0,0.0,0.0,0.0,0.0,0.0,0.0,0.0,0.0,0.0,0.0,0.0,0.0,0.0,0.0,0.0,0.0,0.0,0.0,0.0,0.0,0.0,0.0,0.0,0.0,0.0,0.0,0.0,0.0,0.0,0.0,0.0,0.0,0.0,0.0,0.0,0.0,0.0,0.0,0.0,0.0,0.0,0.0
American Samoa,0.0,0.0,0.0,0.0,0.0,0.0,0.0,0.0,0.0,0.0,0.0,0.0,0.0,0.0,0.0,0.0,0.0,0.0,0.0,0.0,0.0,0.0,0.0,0.0,0.0,0.0,0.0,0.0,0.0,0.0,0.0,0.0,0.0,0.0,0.0,0.0,0.0,0.0,0.0,0.0,0.0,0.0,0.0,0.0,0.0,0.0,0.0,0.0,0.0,0.0,0.0,0.0,0.0
Antigua and Barbuda,0.0,0.0,0.0,0.0,0.0,0.0,0.0,0.0,0.0,0.0,0.0,0.0,0.0,0.0,0.0,0.0,0.0,0.0,0.0,0.0,0.0,0.0,0.0,0.0,0.0,0.0,0.0,0.0,0.0,0.0,0.0,0.0,0.0,0.0,0.0,0.0,0.0,0.0,0.0,0.0,0.0,0.0,0.0,0.0,0.0,0.0,0.0,0.0,0.0,0.0,0.0,0.0,0.0
Australia,0,0,0,0,(1.1+/-0.6)e+06,(2.1+/-1.2)e+06,(3.2+/-1.9)e+06,(4.2+/-2.5)e+06,(5.3+/-3.1)e+06,(6+/-4)e+06,(7+/-4)e+06,(8+/-5)e+06,(9+/-6)e+06,(1.1+/-0.6)e+07,(1.2+/-0.7)e+07,(1.3+/-0.7)e+07,(1.4+/-0.8)e+07,(1.5+/-0.9)e+07,(1.6+/-0.9)e+07,(1.7+/-1.0)e+07,(1.8+/-1.1)e+07,(1.9+/-1.1)e+07,(2.0+/-1.2)e+07,(2.1+/-1.2)e+07,(2.2+/-1.3)e+07,(2.3+/-1.4)e+07,(2.4+/-1.4)e+07,(2.5+/-1.5)e+07,(2.6+/-1.5)e+07,(2.7+/-1.6)e+07,(2.8+/-1.7)e+07,(2.9+/-1.7)e+07,(3.1+/-1.8)e+07,(3.2+/-1.9)e+07,(3.3+/-1.9)e+07,(3.4+/-2.0)e+07,(3.5+/-2.0)e+07,(3.6+/-2.1)e+07,(3.7+/-2.2)e+07,(3.8+/-2.2)e+07,(3.9+/-2.3)e+07,(4.0+/-2.4)e+07,(4.1+/-2.4)e+07,(4.2+/-2.5)e+07,(4.3+/-2.5)e+07,(4.4+/-2.6)e+07,(4.5+/-2.7)e+07,(4.6+/-2.7)e+07,(4.7+/-2.8)e+07,(4.8+/-2.8)e+07,(4.9+/-2.9)e+07,(5.0+/-3.0)e+07,(5.2+/-3.0)e+07
Austria,0,0,0,0,0,(9+/-5)e+05,(1.8+/-1.0)e+06,(2.7+/-1.6)e+06,(3.6+/-2.1)e+06,(4.5+/-2.6)e+06,(5.3+/-3.1)e+06,(6+/-4)e+06,(7+/-4)e+06,(8+/-5)e+06,(9+/-5)e+06,(1.0+/-0.6)e+07,(1.1+/-0.6)e+07,(1.2+/-0.7)e+07,(1.2+/-0.7)e+07,(1.3+/-0.8)e+07,(1.4+/-0.8)e+07,(1.5+/-0.9)e+07,(1.6+/-0.9)e+07,(1.7+/-1.0)e+07,(1.8+/-1.0)e+07,(1.9+/-1.1)e+07,(2.0+/-1.2)e+07,(2.0+/-1.2)e+07,(2.1+/-1.3)e+07,(2.2+/-1.3)e+07,(2.3+/-1.4)e+07,(2.4+/-1.4)e+07,(2.5+/-1.5)e+07,(2.6+/-1.5)e+07,(2.7+/-1.6)e+07,(2.8+/-1.6)e+07,(2.9+/-1.7)e+07,(2.9+/-1.7)e+07,(3.0+/-1.8)e+07,(3.1+/-1.8)e+07,(3.2+/-1.9)e+07,(3.3+/-1.9)e+07,(3.4+/-2.0)e+07,(3.5+/-2.0)e+07,(3.6+/-2.1)e+07,(3.7+/-2.2)e+07,(3.7+/-2.2)e+07,(3.8+/-2.3)e+07,(3.9+/-2.3)e+07,(4.0+/-2.4)e+07,(4.1+/-2.4)e+07,(4.2+/-2.5)e+07,(4.3+/-2.5)e+07
Azerbaijan,0,(3.3+/-1.9)e+04,(7+/-4)e+04,(1.0+/-0.6)e+05,(1.3+/-0.8)e+05,(1.6+/-1.0)e+05,(2.0+/-1.2)e+05,(2.3+/-1.3)e+05,(2.6+/-1.5)e+05,(2.9+/-1.7)e+05,(3.3+/-1.9)e+05,(3.6+/-2.1)e+05,(3.9+/-2.3)e+05,(4.2+/-2.5)e+05,(4.6+/-2.7)e+05,(4.9+/-2.9)e+05,(5.2+/-3.1)e+05,(5.5+/-3.3)e+05,(5.9+/-3.5)e+05,(6+/-4)e+05,(7+/-4)e+05,(7+/-4)e+05,(7+/-4)e+05,(7+/-4)e+05,(8+/-5)e+05,(8+/-5)e+05,(8+/-5)e+05,(9+/-5)e+05,(9+/-5)e+05,(9+/-6)e+05,(1.0+/-0.6)e+06,(1.0+/-0.6)e+06,(1.0+/-0.6)e+06,(1.1+/-0.6)e+06,(1.1+/-0.7)e+06,(1.1+/-0.7)e+06,(1.2+/-0.7)e+06,(1.2+/-0.7)e+06,(1.2+/-0.7)e+06,(1.3+/-0.7)e+06,(1.3+/-0.8)e+06,(1.3+/-0.8)e+06,(1.4+/-0.8)e+06,(1.4+/-0.8)e+06,(1.4+/-0.8)e+06,(1.5+/-0.9)e+06,(1.5+/-0.9)e+06,(1.5+/-0.9)e+06,(1.6+/-0.9)e+06,(1.6+/-0.9)e+06,(1.6+/-1.0)e+06,(1.7+/-1.0)e+06,(1.7+/-1.0)e+06
Burundi,0.0,0.0,0.0,0.0,0.0,0.0,0.0,0.0,0.0,0.0,0.0,0.0,0.0,0.0,0.0,0.0,0.0,0.0,0.0,0.0,0.0,0.0,0.0,0.0,0.0,0.0,0.0,0.0,0.0,0.0,0.0,0.0,0.0,0.0,0.0,0.0,0.0,0.0,0.0,0.0,0.0,0.0,0.0,0.0,0.0,0.0,0.0,0.0,0.0,0.0,0.0,0.0,0.0
Belgium,0,0,0,0,0,0,0,0,(6+/-4)e+05,(1.2+/-0.7)e+06,(1.8+/-1.1)e+06,(2.5+/-1.4)e+06,(3.1+/-1.8)e+06,(3.7+/-2.2)e+06,(4.3+/-2.5)e+06,(4.9+/-2.9)e+06,(5.5+/-3.3)e+06,(6+/-4)e+06,(7+/-4)e+06,(7+/-4)e+06,(8+/-5)e+06,(9+/-5)e+06,(9+/-5)e+06,(1.0+/-0.6)e+07,(1.0+/-0.6)e+07,(1.1+/-0.7)e+07,(1.2+/-0.7)e+07,(1.2+/-0.7)e+07,(1.3+/-0.8)e+07,(1.4+/-0.8)e+07,(1.4+/-0.8)e+07,(1.5+/-0.9)e+07,(1.5+/-0.9)e+07,(1.6+/-0.9)e+07,(1.7+/-1.0)e+07,(1.7+/-1.0)e+07,(1.8+/-1.0)e+07,(1.8+/-1.1)e+07,(1.9+/-1.1)e+07,(2.0+/-1.2)e+07,(2.0+/-1.2)e+07,(2.1+/-1.2)e+07,(2.2+/-1.3)e+07,(2.2+/-1.3)e+07,(2.3+/-1.3)e+07,(2.3+/-1.4)e+07,(2.4+/-1.4)e+07,(2.5+/-1.4)e+07,(2.5+/-1.5)e+07,(2.6+/-1.5)e+07,(2.6+/-1.6)e+07,(2.7+/-1.6)e+07,(2.8+/-1.6)e+07
Benin,0.0,0.0,0.0,0.0,0.0,0.0,0.0,0.0,0.0,0.0,0.0,0.0,0.0,0.0,0.0,0.0,0.0,0.0,0.0,0.0,0.0,0.0,0.0,0.0,0.0,0.0,0.0,0.0,0.0,0.0,0.0,0.0,0.0,0.0,0.0,0.0,0.0,0.0,0.0,0.0,0.0,0.0,0.0,0.0,0.0,0.0,0.0,0.0,0.0,0.0,0.0,0.0,0.0
Burkina Faso,0.0,0.0,0.0,0.0,0.0,0.0,0.0,0.0,0.0,0.0,0.0,0.0,0.0,0.0,0.0,0.0,0.0,0.0,0.0,0.0,0.0,0.0,0.0,0.0,0.0,0.0,0.0,0.0,0.0,0.0,0.0,0.0,0.0,0.0,0.0,0.0,0.0,0.0,0.0,0.0,0.0,0.0,0.0,0.0,0.0,0.0,0.0,0.0,0.0,0.0,0.0,0.0,0.0
Bangladesh,0,(8+/-4)e+05,(1.5+/-0.9)e+06,(2.3+/-1.3)e+06,(3.0+/-1.8)e+06,(3.8+/-2.2)e+06,(4.6+/-2.7)e+06,(5.3+/-3.1)e+06,(6+/-4)e+06,(7+/-4)e+06,(8+/-4)e+06,(8+/-5)e+06,(9+/-5)e+06,(1.0+/-0.6)e+07,(1.1+/-0.6)e+07,(1.1+/-0.7)e+07,(1.2+/-0.7)e+07,(1.3+/-0.8)e+07,(1.4+/-0.8)e+07,(1.4+/-0.9)e+07,(1.5+/-0.9)e+07,(1.6+/-0.9)e+07,(1.7+/-1.0)e+07,(1.8+/-1.0)e+07,(1.8+/-1.1)e+07,(1.9+/-1.1)e+07,(2.0+/-1.2)e+07,(2.1+/-1.2)e+07,(2.1+/-1.3)e+07,(2.2+/-1.3)e+07,(2.3+/-1.3)e+07,(2.4+/-1.4)e+07,(2.4+/-1.4)e+07,(2.5+/-1.5)e+07,(2.6+/-1.5)e+07,(2.7+/-1.6)e+07,(2.7+/-1.6)e+07,(2.8+/-1.7)e+07,(2.9+/-1.7)e+07,(3.0+/-1.7)e+07,(3.0+/-1.8)e+07,(3.1+/-1.8)e+07,(3.2+/-1.9)e+07,(3.3+/-1.9)e+07,(3.3+/-2.0)e+07,(3.4+/-2.0)e+07,(3.5+/-2.1)e+07,(3.6+/-2.1)e+07,(3.7+/-2.2)e+07,(3.7+/-2.2)e+07,(3.8+/-2.2)e+07,(3.9+/-2.3)e+07,(4.0+/-2.3)e+07
Bulgaria,0,0,0,0,0,0,(1.0+/-0.6)e+05,(2.0+/-1.2)e+05,(3.0+/-1.8)e+05,(4.0+/-2.4)e+05,(5.0+/-3.0)e+05,(6+/-4)e+05,(7+/-4)e+05,(8+/-5)e+05,(9+/-5)e+05,(1.0+/-0.6)e+06,(1.1+/-0.7)e+06,(1.2+/-0.7)e+06,(1.3+/-0.8)e+06,(1.4+/-0.8)e+06,(1.5+/-0.9)e+06,(1.6+/-0.9)e+06,(1.7+/-1.0)e+06,(1.8+/-1.1)e+06,(1.9+/-1.1)e+06,(2.0+/-1.2)e+06,(2.1+/-1.2)e+06,(2.2+/-1.3)e+06,(2.3+/-1.4)e+06,(2.4+/-1.4)e+06,(2.5+/-1.5)e+06,(2.6+/-1.5)e+06,(2.7+/-1.6)e+06,(2.8+/-1.7)e+06,(2.9+/-1.7)e+06,(3.0+/-1.8)e+06,(3.1+/-1.8)e+06,(3.2+/-1.9)e+06,(3.3+/-2.0)e+06,(3.4+/-2.0)e+06,(3.5+/-2.1)e+06,(3.6+/-2.1)e+06,(3.7+/-2.2)e+06,(3.8+/-2.3)e+06,(3.9+/-2.3)e+06,(4.0+/-2.4)e+06,(4.1+/-2.4)e+06,(4.2+/-2.5)e+06,(4.3+/-2.5)e+06,(4.4+/-2.6)e+06,(4.5+/-2.7)e+06,(4.6+/-2.7)e+06,(4.7+/-2.8)e+06
Bahrain,0,0,0,0,0,0,0,(9+/-5)e+04,(1.8+/-1.1)e+05,(2.7+/-1.6)e+05,(3.7+/-2.2)e+05,(4.6+/-2.7)e+05,(5.5+/-3.2)e+05,(6+/-4)e+05,(7+/-4)e+05,(8+/-5)e+05,(9+/-5)e+05,(1.0+/-0.6)e+06,(1.1+/-0.6)e+06,(1.2+/-0.7)e+06,(1.3+/-0.8)e+06,(1.4+/-0.8)e+06,(1.5+/-0.9)e+06,(1.6+/-0.9)e+06,(1.6+/-1.0)e+06,(1.7+/-1.0)e+06,(1.8+/-1.1)e+06,(1.9+/-1.1)e+06,(2.0+/-1.2)e+06,(2.1+/-1.2)e+06,(2.2+/-1.3)e+06,(2.3+/-1.3)e+06,(2.4+/-1.4)e+06,(2.5+/-1.5)e+06,(2.6+/-1.5)e+06,(2.7+/-1.6)e+06,(2.7+/-1.6)e+06,(2.8+/-1.7)e+06,(2.9+/-1.7)e+06,(3.0+/-1.8)e+06,(3.1+/-1.8)e+06,(3.2+/-1.9)e+06,(3.3+/-1.9)e+06,(3.4+/-2.0)e+06,(3.5+/-2.0)e+06,(3.6+/-2.1)e+06,(3.7+/-2.2)e+06,(3.8+/-2.2)e+06,(3.8+/-2.3)e+06,(3.9+/-2.3)e+06,(4.0+/-2.4)e+06,(4.1+/-2.4)e+06,(4.2+/-2.5)e+06
Bahamas,0.0,0.0,0.0,0.0,0.0,0.0,0.0,0.0,0.0,0.0,0.0,0.0,0.0,0.0,0.0,0.0,0.0,0.0,0.0,0.0,0.0,0.0,0.0,0.0,0.0,0.0,0.0,0.0,0.0,0.0,0.0,0.0,0.0,0.0,0.0,0.0,0.0,0.0,0.0,0.0,0.0,0.0,0.0,0.0,0.0,0.0,0.0,0.0,0.0,0.0,0.0,0.0,0.0
Bosnia and Herzegovina,0,0,0,0,0,0,0,0,(3.2+/-1.9)e+04,(6+/-4)e+04,(1.0+/-0.6)e+05,(1.3+/-0.7)e+05,(1.6+/-0.9)e+05,(1.9+/-1.1)e+05,(2.2+/-1.3)e+05,(2.5+/-1.5)e+05,(2.9+/-1.7)e+05,(3.2+/-1.9)e+05,(3.5+/-2.1)e+05,(3.8+/-2.2)e+05,(4.1+/-2.4)e+05,(4.5+/-2.6)e+05,(4.8+/-2.8)e+05,(5.1+/-3.0)e+05,(5.4+/-3.2)e+05,(5.7+/-3.4)e+05,(6+/-4)e+05,(6+/-4)e+05,(7+/-4)e+05,(7+/-4)e+05,(7+/-4)e+05,(8+/-4)e+05,(8+/-5)e+05,(8+/-5)e+05,(9+/-5)e+05,(9+/-5)e+05,(9+/-5)e+05,(1.0+/-0.6)e+06,(1.0+/-0.6)e+06,(1.0+/-0.6)e+06,(1.0+/-0.6)e+06,(1.1+/-0.6)e+06,(1.1+/-0.7)e+06,(1.1+/-0.7)e+06,(1.2+/-0.7)e+06,(1.2+/-0.7)e+06,(1.2+/-0.7)e+06,(1.3+/-0.7)e+06,(1.3+/-0.8)e+06,(1.3+/-0.8)e+06,(1.4+/-0.8)e+06,(1.4+/-0.8)e+06,(1.4+/-0.8)e+06
Belarus,0,0,0,0,0,0,0,(1.5+/-0.9)e+05,(3.0+/-1.8)e+05,(4.5+/-2.7)e+05,(6.0+/-3.5)e+05,(8+/-4)e+05,(9+/-5)e+05,(1.1+/-0.6)e+06,(1.2+/-0.7)e+06,(1.4+/-0.8)e+06,(1.5+/-0.9)e+06,(1.7+/-1.0)e+06,(1.8+/-1.1)e+06,(2.0+/-1.2)e+06,(2.1+/-1.2)e+06,(2.3+/-1.3)e+06,(2.4+/-1.4)e+06,(2.6+/-1.5)e+06,(2.7+/-1.6)e+06,(2.9+/-1.7)e+06,(3.0+/-1.8)e+06,(3.2+/-1.9)e+06,(3.3+/-2.0)e+06,(3.5+/-2.0)e+06,(3.6+/-2.1)e+06,(3.8+/-2.2)e+06,(3.9+/-2.3)e+06,(4.1+/-2.4)e+06,(4.2+/-2.5)e+06,(4.4+/-2.6)e+06,(4.5+/-2.7)e+06,(4.7+/-2.8)e+06,(4.8+/-2.8)e+06,(5.0+/-2.9)e+06,(5.1+/-3.0)e+06,(5.3+/-3.1)e+06,(5.4+/-3.2)e+06,(5.6+/-3.3)e+06,(5.7+/-3.4)e+06,(5.9+/-3.5)e+06,(6.0+/-3.5)e+06,(6+/-4)e+06,(6+/-4)e+06,(6+/-4)e+06,(7+/-4)e+06,(7+/-4)e+06,(7+/-4)e+06
Belize,0.0,0.0,0.0,0.0,0.0,0.0,0.0,0.0,0.0,0.0,0.0,0.0,0.0,0.0,0.0,0.0,0.0,0.0,0.0,0.0,0.0,0.0,0.0,0.0,0.0,0.0,0.0,0.0,0.0,0.0,0.0,0.0,0.0,0.0,0.0,0.0,0.0,0.0,0.0,0.0,0.0,0.0,0.0,0.0,0.0,0.0,0.0,0.0,0.0,0.0,0.0,0.0,0.0
Bermuda,0.0,0.0,0.0,0.0,0.0,0.0,0.0,0.0,0.0,0.0,0.0,0.0,0.0,0.0,0.0,0.0,0.0,0.0,0.0,0.0,0.0,0.0,0.0,0.0,0.0,0.0,0.0,0.0,0.0,0.0,0.0,0.0,0.0,0.0,0.0,0.0,0.0,0.0,0.0,0.0,0.0,0.0,0.0,0.0,0.0,0.0,0.0,0.0,0.0,0.0,0.0,0.0,0.0
Bolivia,0,(3.4+/-2.0)e+04,(7+/-4)e+04,(1.0+/-0.6)e+05,(1.3+/-0.8)e+05,(1.7+/-1.0)e+05,(2.0+/-1.2)e+05,(2.4+/-1.4)e+05,(2.7+/-1.6)e+05,(3.0+/-1.8)e+05,(3.4+/-2.0)e+05,(3.7+/-2.2)e+05,(4.0+/-2.4)e+05,(4.4+/-2.6)e+05,(4.7+/-2.8)e+05,(5.0+/-3.0)e+05,(5.4+/-3.2)e+05,(5.7+/-3.4)e+05,(6+/-4)e+05,(6+/-4)e+05,(7+/-4)e+05,(7+/-4)e+05,(7+/-4)e+05,(8+/-5)e+05,(8+/-5)e+05,(8+/-5)e+05,(9+/-5)e+05,(9+/-5)e+05,(9+/-6)e+05,(1.0+/-0.6)e+06,(1.0+/-0.6)e+06,(1.0+/-0.6)e+06,(1.1+/-0.6)e+06,(1.1+/-0.7)e+06,(1.1+/-0.7)e+06,(1.2+/-0.7)e+06,(1.2+/-0.7)e+06,(1.2+/-0.7)e+06,(1.3+/-0.8)e+06,(1.3+/-0.8)e+06,(1.3+/-0.8)e+06,(1.4+/-0.8)e+06,(1.4+/-0.8)e+06,(1.4+/-0.9)e+06,(1.5+/-0.9)e+06,(1.5+/-0.9)e+06,(1.5+/-0.9)e+06,(1.6+/-0.9)e+06,(1.6+/-0.9)e+06,(1.6+/-1.0)e+06,(1.7+/-1.0)e+06,(1.7+/-1.0)e+06,(1.7+/-1.0)e+06
Brazil,0,0,0,0,0,0,(3.0+/-1.8)e+06,(6.0+/-3.5)e+06,(9+/-5)e+06,(1.2+/-0.7)e+07,(1.5+/-0.9)e+07,(1.8+/-1.1)e+07,(2.1+/-1.2)e+07,(2.4+/-1.4)e+07,(2.7+/-1.6)e+07,(3.0+/-1.8)e+07,(3.3+/-1.9)e+07,(3.6+/-2.1)e+07,(3.9+/-2.3)e+07,(4.2+/-2.5)e+07,(4.5+/-2.6)e+07,(4.8+/-2.8)e+07,(5.1+/-3.0)e+07,(5.4+/-3.2)e+07,(5.7+/-3.3)e+07,(6.0+/-3.5)e+07,(6+/-4)e+07,(7+/-4)e+07,(7+/-4)e+07,(7+/-4)e+07,(7+/-4)e+07,(8+/-5)e+07,(8+/-5)e+07,(8+/-5)e+07,(9+/-5)e+07,(9+/-5)e+07,(9+/-5)e+07,(1.0+/-0.6)e+08,(1.0+/-0.6)e+08,(1.0+/-0.6)e+08,(1.0+/-0.6)e+08,(1.1+/-0.6)e+08,(1.1+/-0.6)e+08,(1.1+/-0.7)e+08,(1.2+/-0.7)e+08,(1.2+/-0.7)e+08,(1.2+/-0.7)e+08,(1.3+/-0.7)e+08,(1.3+/-0.8)e+08,(1.3+/-0.8)e+08,(1.3+/-0.8)e+08,(1.4+/-0.8)e+08,(1.4+/-0.8)e+08
Barbados,0.0,0.0,0.0,0.0,0.0,0.0,0.0,0.0,0.0,0.0,0.0,0.0,0.0,0.0,0.0,0.0,0.0,0.0,0.0,0.0,0.0,0.0,0.0,0.0,0.0,0.0,0.0,0.0,0.0,0.0,0.0,0.0,0.0,0.0,0.0,0.0,0.0,0.0,0.0,0.0,0.0,0.0,0.0,0.0,0.0,0.0,0.0,0.0,0.0,0.0,0.0,0.0,0.0
Brunei Darussalam,0.0,0.0,0.0,0.0,0.0,0.0,0.0,0.0,0.0,0.0,0.0,0.0,0.0,0.0,0.0,0.0,0.0,0.0,0.0,0.0,0.0,0.0,0.0,0.0,0.0,0.0,0.0,0.0,0.0,0.0,0.0,0.0,0.0,0.0,0.0,0.0,0.0,0.0,0.0,0.0,0.0,0.0,0.0,0.0,0.0,0.0,0.0,0.0,0.0,0.0,0.0,0.0,0.0
Bhutan,0.0,0.0,0.0,0.0,0.0,0.0,0.0,0.0,0.0,0.0,0.0,0.0,0.0,0.0,0.0,0.0,0.0,0.0,0.0,0.0,0.0,0.0,0.0,0.0,0.0,0.0,0.0,0.0,0.0,0.0,0.0,0.0,0.0,0.0,0.0,0.0,0.0,0.0,0.0,0.0,0.0,0.0,0.0,0.0,0.0,0.0,0.0,0.0,0.0,0.0,0.0,0.0,0.0
Botswana,0.0,0.0,0.0,0.0,0.0,0.0,0.0,0.0,0.0,0.0,0.0,0.0,0.0,0.0,0.0,0.0,0.0,0.0,0.0,0.0,0.0,0.0,0.0,0.0,0.0,0.0,0.0,0.0,0.0,0.0,0.0,0.0,0.0,0.0,0.0,0.0,0.0,0.0,0.0,0.0,0.0,0.0,0.0,0.0,0.0,0.0,0.0,0.0,0.0,0.0,0.0,0.0,0.0
Central African Republic,0.0,0.0,0.0,0.0,0.0,0.0,0.0,0.0,0.0,0.0,0.0,0.0,0.0,0.0,0.0,0.0,0.0,0.0,0.0,0.0,0.0,0.0,0.0,0.0,0.0,0.0,0.0,0.0,0.0,0.0,0.0,0.0,0.0,0.0,0.0,0.0,0.0,0.0,0.0,0.0,0.0,0.0,0.0,0.0,0.0,0.0,0.0,0.0,0.0,0.0,0.0,0.0,0.0
Canada,0,0,(1.9+/-1.1)e+06,(3.9+/-2.3)e+06,(5.8+/-3.4)e+06,(8+/-5)e+06,(1.0+/-0.6)e+07,(1.2+/-0.7)e+07,(1.4+/-0.8)e+07,(1.5+/-0.9)e+07,(1.7+/-1.0)e+07,(1.9+/-1.1)e+07,(2.1+/-1.3)e+07,(2.3+/-1.4)e+07,(2.5+/-1.5)e+07,(2.7+/-1.6)e+07,(2.9+/-1.7)e+07,(3.1+/-1.8)e+07,(3.3+/-1.9)e+07,(3.5+/-2.0)e+07,(3.7+/-2.2)e+07,(3.9+/-2.3)e+07,(4.1+/-2.4)e+07,(4.3+/-2.5)e+07,(4.4+/-2.6)e+07,(4.6+/-2.7)e+07,(4.8+/-2.8)e+07,(5.0+/-3.0)e+07,(5.2+/-3.1)e+07,(5.4+/-3.2)e+07,(5.6+/-3.3)e+07,(5.8+/-3.4)e+07,(6.0+/-3.5)e+07,(6+/-4)e+07,(6+/-4)e+07,(7+/-4)e+07,(7+/-4)e+07,(7+/-4)e+07,(7+/-4)e+07,(7+/-4)e+07,(8+/-4)e+07,(8+/-5)e+07,(8+/-5)e+07,(8+/-5)e+07,(8+/-5)e+07,(9+/-5)e+07,(9+/-5)e+07,(9+/-5)e+07,(9+/-5)e+07,(9+/-5)e+07,(9+/-6)e+07,(1.0+/-0.6)e+08,(1.0+/-0.6)e+08
Switzerland,0,(1.2+/-0.7)e+06,(2.3+/-1.4)e+06,(3.5+/-2.1)e+06,(4.7+/-2.7)e+06,(5.8+/-3.4)e+06,(7+/-4)e+06,(8+/-5)e+06,(9+/-5)e+06,(1.0+/-0.6)e+07,(1.2+/-0.7)e+07,(1.3+/-0.8)e+07,(1.4+/-0.8)e+07,(1.5+/-0.9)e+07,(1.6+/-1.0)e+07,(1.7+/-1.0)e+07,(1.9+/-1.1)e+07,(2.0+/-1.2)e+07,(2.1+/-1.2)e+07,(2.2+/-1.3)e+07,(2.3+/-1.4)e+07,(2.4+/-1.4)e+07,(2.6+/-1.5)e+07,(2.7+/-1.6)e+07,(2.8+/-1.6)e+07,(2.9+/-1.7)e+07,(3.0+/-1.8)e+07,(3.1+/-1.9)e+07,(3.3+/-1.9)e+07,(3.4+/-2.0)e+07,(3.5+/-2.1)e+07,(3.6+/-2.1)e+07,(3.7+/-2.2)e+07,(3.8+/-2.3)e+07,(4.0+/-2.3)e+07,(4.1+/-2.4)e+07,(4.2+/-2.5)e+07,(4.3+/-2.5)e+07,(4.4+/-2.6)e+07,(4.5+/-2.7)e+07,(4.7+/-2.7)e+07,(4.8+/-2.8)e+07,(4.9+/-2.9)e+07,(5.0+/-2.9)e+07,(5.1+/-3.0)e+07,(5.2+/-3.1)e+07,(5.4+/-3.2)e+07,(5.5+/-3.2)e+07,(5.6+/-3.3)e+07,(5.7+/-3.4)e+07,(5.8+/-3.4)e+07,(5.9+/-3.5)e+07,(6+/-4)e+07
Chile,0,0,0,0,0,0,0,(2.8+/-1.6)e+05,(5.6+/-3.3)e+05,(8+/-5)e+05,(1.1+/-0.7)e+06,(1.4+/-0.8)e+06,(1.7+/-1.0)e+06,(2.0+/-1.2)e+06,(2.2+/-1.3)e+06,(2.5+/-1.5)e+06,(2.8+/-1.6)e+06,(3.1+/-1.8)e+06,(3.4+/-2.0)e+06,(3.6+/-2.1)e+06,(3.9+/-2.3)e+06,(4.2+/-2.5)e+06,(4.5+/-2.6)e+06,(4.8+/-2.8)e+06,(5.0+/-3.0)e+06,(5.3+/-3.1)e+06,(5.6+/-3.3)e+06,(5.9+/-3.5)e+06,(6+/-4)e+06,(6+/-4)e+06,(7+/-4)e+06,(7+/-4)e+06,(7+/-4)e+06,(8+/-4)e+06,(8+/-5)e+06,(8+/-5)e+06,(8+/-5)e+06,(9+/-5)e+06,(9+/-5)e+06,(9+/-5)e+06,(1.0+/-0.6)e+07,(1.0+/-0.6)e+07,(1.0+/-0.6)e+07,(1.0+/-0.6)e+07,(1.1+/-0.6)e+07,(1.1+/-0.6)e+07,(1.1+/-0.7)e+07,(1.1+/-0.7)e+07,(1.2+/-0.7)e+07,(1.2+/-0.7)e+07,(1.2+/-0.7)e+07,(1.3+/-0.7)e+07,(1.3+/-0.8)e+07
China,(2.4+/-1.4)e+09,(2.5+/-1.5)e+09,(2.6+/-1.5)e+09,(2.6+/-1.6)e+09,(2.7+/-1.6)e+09,(2.8+/-1.6)e+09,(2.8+/-1.7)e+09,(2.9+/-1.7)e+09,(3.0+/-1.8)e+09,(3.1+/-1.8)e+09,(3.1+/-1.8)e+09,(3.2+/-1.9)e+09,(3.3+/-1.9)e+09,(3.3+/-2.0)e+09,(3.4+/-2.0)e+09,(3.5+/-2.0)e+09,(3.5+/-2.1)e+09,(3.6+/-2.1)e+09,(3.7+/-2.2)e+09,(3.7+/-2.2)e+09,(3.8+/-2.2)e+09,(3.9+/-2.3)e+09,(3.9+/-2.3)e+09,(4.0+/-2.4)e+09,(4.1+/-2.4)e+09,(4.1+/-2.4)e+09,(4.2+/-2.5)e+09,(4.3+/-2.5)e+09,(4.3+/-2.5)e+09,(4.4+/-2.6)e+09,(4.5+/-2.6)e+09,(4.5+/-2.7)e+09,(4.6+/-2.7)e+09,(4.7+/-2.7)e+09,(4.7+/-2.8)e+09,(4.8+/-2.8)e+09,(4.9+/-2.9)e+09,(4.9+/-2.9)e+09,(5.0+/-2.9)e+09,(5.1+/-3.0)e+09,(5.1+/-3.0)e+09,(5.2+/-3.1)e+09,(5.3+/-3.1)e+09,(5.3+/-3.1)e+09,(5.4+/-3.2)e+09,(5.5+/-3.2)e+09,(5.5+/-3.3)e+09,(5.6+/-3.3)e+09,(5.7+/-3.3)e+09,(5.7+/-3.4)e+09,(5.8+/-3.4)e+09,(5.9+/-3.5)e+09,(5.9+/-3.5)e+09
Cote d'Ivoire,0.0,0.0,0.0,0.0,0.0,0.0,0.0,0.0,0.0,0.0,0.0,0.0,0.0,0.0,0.0,0.0,0.0,0.0,0.0,0.0,0.0,0.0,0.0,0.0,0.0,0.0,0.0,0.0,0.0,0.0,0.0,0.0,0.0,0.0,0.0,0.0,0.0,0.0,0.0,0.0,0.0,0.0,0.0,0.0,0.0,0.0,0.0,0.0,0.0,0.0,0.0,0.0,0.0
Cameroon,0.0,0.0,0.0,0.0,0.0,0.0,0.0,0.0,0.0,0.0,0.0,0.0,0.0,0.0,0.0,0.0,0.0,0.0,0.0,0.0,0.0,0.0,0.0,0.0,0.0,0.0,0.0,0.0,0.0,0.0,0.0,0.0,0.0,0.0,0.0,0.0,0.0,0.0,0.0,0.0,0.0,0.0,0.0,0.0,0.0,0.0,0.0,0.0,0.0,0.0,0.0,0.0,0.0
DR Congo,0.0,0.0,0.0,0.0,0.0,0.0,0.0,0.0,0.0,0.0,0.0,0.0,0.0,0.0,0.0,0.0,0.0,0.0,0.0,0.0,0.0,0.0,0.0,0.0,0.0,0.0,0.0,0.0,0.0,0.0,0.0,0.0,0.0,0.0,0.0,0.0,0.0,0.0,0.0,0.0,0.0,0.0,0.0,0.0,0.0,0.0,0.0,0.0,0.0,0.0,0.0,0.0,0.0
Congo Republic,0.0,0.0,0.0,0.0,0.0,0.0,0.0,0.0,0.0,0.0,0.0,0.0,0.0,0.0,0.0,0.0,0.0,0.0,0.0,0.0,0.0,0.0,0.0,0.0,0.0,0.0,0.0,0.0,0.0,0.0,0.0,0.0,0.0,0.0,0.0,0.0,0.0,0.0,0.0,0.0,0.0,0.0,0.0,0.0,0.0,0.0,0.0,0.0,0.0,0.0,0.0,0.0,0.0
Colombia,0,0,0,0,0,0,0,(3.6+/-2.1)e+05,(7+/-4)e+05,(1.1+/-0.6)e+06,(1.4+/-0.8)e+06,(1.8+/-1.1)e+06,(2.2+/-1.3)e+06,(2.5+/-1.5)e+06,(2.9+/-1.7)e+06,(3.2+/-1.9)e+06,(3.6+/-2.1)e+06,(4.0+/-2.3)e+06,(4.3+/-2.5)e+06,(4.7+/-2.8)e+06,(5.0+/-3.0)e+06,(5.4+/-3.2)e+06,(5.8+/-3.4)e+06,(6+/-4)e+06,(6+/-4)e+06,(7+/-4)e+06,(7+/-4)e+06,(8+/-4)e+06,(8+/-5)e+06,(8+/-5)e+06,(9+/-5)e+06,(9+/-5)e+06,(9+/-6)e+06,(1.0+/-0.6)e+07,(1.0+/-0.6)e+07,(1.0+/-0.6)e+07,(1.1+/-0.6)e+07,(1.1+/-0.7)e+07,(1.2+/-0.7)e+07,(1.2+/-0.7)e+07,(1.2+/-0.7)e+07,(1.3+/-0.7)e+07,(1.3+/-0.8)e+07,(1.3+/-0.8)e+07,(1.4+/-0.8)e+07,(1.4+/-0.8)e+07,(1.4+/-0.8)e+07,(1.5+/-0.9)e+07,(1.5+/-0.9)e+07,(1.5+/-0.9)e+07,(1.6+/-0.9)e+07,(1.6+/-1.0)e+07,(1.7+/-1.0)e+07
Comoros,0.0,0.0,0.0,0.0,0.0,0.0,0.0,0.0,0.0,0.0,0.0,0.0,0.0,0.0,0.0,0.0,0.0,0.0,0.0,0.0,0.0,0.0,0.0,0.0,0.0,0.0,0.0,0.0,0.0,0.0,0.0,0.0,0.0,0.0,0.0,0.0,0.0,0.0,0.0,0.0,0.0,0.0,0.0,0.0,0.0,0.0,0.0,0.0,0.0,0.0,0.0,0.0,0.0
Cabo Verde,0.0,0.0,0.0,0.0,0.0,0.0,0.0,0.0,0.0,0.0,0.0,0.0,0.0,0.0,0.0,0.0,0.0,0.0,0.0,0.0,0.0,0.0,0.0,0.0,0.0,0.0,0.0,0.0,0.0,0.0,0.0,0.0,0.0,0.0,0.0,0.0,0.0,0.0,0.0,0.0,0.0,0.0,0.0,0.0,0.0,0.0,0.0,0.0,0.0,0.0,0.0,0.0,0.0
Costa Rica,0,0,0,0,0,0,0,(1.1+/-0.7)e+05,(2.3+/-1.3)e+05,(3.4+/-2.0)e+05,(4.5+/-2.7)e+05,(5.7+/-3.3)e+05,(7+/-4)e+05,(8+/-5)e+05,(9+/-5)e+05,(1.0+/-0.6)e+06,(1.1+/-0.7)e+06,(1.2+/-0.7)e+06,(1.4+/-0.8)e+06,(1.5+/-0.9)e+06,(1.6+/-0.9)e+06,(1.7+/-1.0)e+06,(1.8+/-1.1)e+06,(1.9+/-1.1)e+06,(2.0+/-1.2)e+06,(2.1+/-1.3)e+06,(2.3+/-1.3)e+06,(2.4+/-1.4)e+06,(2.5+/-1.5)e+06,(2.6+/-1.5)e+06,(2.7+/-1.6)e+06,(2.8+/-1.7)e+06,(2.9+/-1.7)e+06,(3.1+/-1.8)e+06,(3.2+/-1.9)e+06,(3.3+/-1.9)e+06,(3.4+/-2.0)e+06,(3.5+/-2.1)e+06,(3.6+/-2.1)e+06,(3.7+/-2.2)e+06,(3.8+/-2.3)e+06,(4.0+/-2.3)e+06,(4.1+/-2.4)e+06,(4.2+/-2.5)e+06,(4.3+/-2.5)e+06,(4.4+/-2.6)e+06,(4.5+/-2.7)e+06,(4.6+/-2.7)e+06,(4.8+/-2.8)e+06,(4.9+/-2.9)e+06,(5.0+/-2.9)e+06,(5.1+/-3.0)e+06,(5.2+/-3.1)e+06
Cuba,0,(9+/-5)e+04,(1.8+/-1.1)e+05,(2.8+/-1.6)e+05,(3.7+/-2.2)e+05,(4.6+/-2.7)e+05,(5.5+/-3.2)e+05,(6+/-4)e+05,(7+/-4)e+05,(8+/-5)e+05,(9+/-5)e+05,(1.0+/-0.6)e+06,(1.1+/-0.6)e+06,(1.2+/-0.7)e+06,(1.3+/-0.8)e+06,(1.4+/-0.8)e+06,(1.5+/-0.9)e+06,(1.6+/-0.9)e+06,(1.7+/-1.0)e+06,(1.7+/-1.0)e+06,(1.8+/-1.1)e+06,(1.9+/-1.1)e+06,(2.0+/-1.2)e+06,(2.1+/-1.2)e+06,(2.2+/-1.3)e+06,(2.3+/-1.4)e+06,(2.4+/-1.4)e+06,(2.5+/-1.5)e+06,(2.6+/-1.5)e+06,(2.7+/-1.6)e+06,(2.8+/-1.6)e+06,(2.8+/-1.7)e+06,(2.9+/-1.7)e+06,(3.0+/-1.8)e+06,(3.1+/-1.8)e+06,(3.2+/-1.9)e+06,(3.3+/-1.9)e+06,(3.4+/-2.0)e+06,(3.5+/-2.1)e+06,(3.6+/-2.1)e+06,(3.7+/-2.2)e+06,(3.8+/-2.2)e+06,(3.9+/-2.3)e+06,(3.9+/-2.3)e+06,(4.0+/-2.4)e+06,(4.1+/-2.4)e+06,(4.2+/-2.5)e+06,(4.3+/-2.5)e+06,(4.4+/-2.6)e+06,(4.5+/-2.7)e+06,(4.6+/-2.7)e+06,(4.7+/-2.8)e+06,(4.8+/-2.8)e+06
Curacao,0.0,0.0,0.0,0.0,0.0,0.0,0.0,0.0,0.0,0.0,0.0,0.0,0.0,0.0,0.0,0.0,0.0,0.0,0.0,0.0,0.0,0.0,0.0,0.0,0.0,0.0,0.0,0.0,0.0,0.0,0.0,0.0,0.0,0.0,0.0,0.0,0.0,0.0,0.0,0.0,0.0,0.0,0.0,0.0,0.0,0.0,0.0,0.0,0.0,0.0,0.0,0.0,0.0
Cayman Islands,0.0,0.0,0.0,0.0,0.0,0.0,0.0,0.0,0.0,0.0,0.0,0.0,0.0,0.0,0.0,0.0,0.0,0.0,0.0,0.0,0.0,0.0,0.0,0.0,0.0,0.0,0.0,0.0,0.0,0.0,0.0,0.0,0.0,0.0,0.0,0.0,0.0,0.0,0.0,0.0,0.0,0.0,0.0,0.0,0.0,0.0,0.0,0.0,0.0,0.0,0.0,0.0,0.0
Cyprus,0.0,0.0,0.0,0.0,0.0,0.0,0.0,0.0,0.0,0.0,0.0,0.0,0.0,0.0,0.0,0.0,0.0,0.0,0.0,0.0,0.0,0.0,0.0,0.0,0.0,0.0,0.0,0.0,0.0,0.0,0.0,0.0,0.0,0.0,0.0,0.0,0.0,0.0,0.0,0.0,0.0,0.0,0.0,0.0,0.0,0.0,0.0,0.0,0.0,0.0,0.0,0.0,0.0
Czechia,0,0,0,0,(8+/-5)e+05,(1.6+/-0.9)e+06,(2.4+/-1.4)e+06,(3.2+/-1.9)e+06,(4.0+/-2.3)e+06,(4.8+/-2.8)e+06,(5.6+/-3.3)e+06,(6+/-4)e+06,(7+/-4)e+06,(8+/-5)e+06,(9+/-5)e+06,(1.0+/-0.6)e+07,(1.0+/-0.6)e+07,(1.1+/-0.7)e+07,(1.2+/-0.7)e+07,(1.3+/-0.7)e+07,(1.4+/-0.8)e+07,(1.4+/-0.8)e+07,(1.5+/-0.9)e+07,(1.6+/-0.9)e+07,(1.7+/-1.0)e+07,(1.7+/-1.0)e+07,(1.8+/-1.1)e+07,(1.9+/-1.1)e+07,(2.0+/-1.2)e+07,(2.1+/-1.2)e+07,(2.1+/-1.3)e+07,(2.2+/-1.3)e+07,(2.3+/-1.4)e+07,(2.4+/-1.4)e+07,(2.5+/-1.4)e+07,(2.5+/-1.5)e+07,(2.6+/-1.5)e+07,(2.7+/-1.6)e+07,(2.8+/-1.6)e+07,(2.9+/-1.7)e+07,(2.9+/-1.7)e+07,(3.0+/-1.8)e+07,(3.1+/-1.8)e+07,(3.2+/-1.9)e+07,(3.3+/-1.9)e+07,(3.3+/-2.0)e+07,(3.4+/-2.0)e+07,(3.5+/-2.1)e+07,(3.6+/-2.1)e+07,(3.7+/-2.2)e+07,(3.7+/-2.2)e+07,(3.8+/-2.2)e+07,(3.9+/-2.3)e+07
Germany,(4.4+/-2.6)e+08,(4.5+/-2.7)e+08,(4.6+/-2.7)e+08,(4.8+/-2.8)e+08,(4.9+/-2.9)e+08,(5.0+/-3.0)e+08,(5.1+/-3.0)e+08,(5.3+/-3.1)e+08,(5.4+/-3.2)e+08,(5.5+/-3.2)e+08,(5.6+/-3.3)e+08,(5.7+/-3.4)e+08,(5.9+/-3.4)e+08,(6.0+/-3.5)e+08,(6+/-4)e+08,(6+/-4)e+08,(6+/-4)e+08,(6+/-4)e+08,(7+/-4)e+08,(7+/-4)e+08,(7+/-4)e+08,(7+/-4)e+08,(7+/-4)e+08,(7+/-4)e+08,(7+/-4)e+08,(7+/-4)e+08,(8+/-4)e+08,(8+/-5)e+08,(8+/-5)e+08,(8+/-5)e+08,(8+/-5)e+08,(8+/-5)e+08,(8+/-5)e+08,(8+/-5)e+08,(9+/-5)e+08,(9+/-5)e+08,(9+/-5)e+08,(9+/-5)e+08,(9+/-5)e+08,(9+/-5)e+08,(9+/-5)e+08,(9+/-6)e+08,(9+/-6)e+08,(1.0+/-0.6)e+09,(1.0+/-0.6)e+09,(1.0+/-0.6)e+09,(1.0+/-0.6)e+09,(1.0+/-0.6)e+09,(1.0+/-0.6)e+09,(1.0+/-0.6)e+09,(1.0+/-0.6)e+09,(1.1+/-0.6)e+09,(1.1+/-0.6)e+09
Djibouti,0.0,0.0,0.0,0.0,0.0,0.0,0.0,0.0,0.0,0.0,0.0,0.0,0.0,0.0,0.0,0.0,0.0,0.0,0.0,0.0,0.0,0.0,0.0,0.0,0.0,0.0,0.0,0.0,0.0,0.0,0.0,0.0,0.0,0.0,0.0,0.0,0.0,0.0,0.0,0.0,0.0,0.0,0.0,0.0,0.0,0.0,0.0,0.0,0.0,0.0,0.0,0.0,0.0
Dominica,0.0,0.0,0.0,0.0,0.0,0.0,0.0,0.0,0.0,0.0,0.0,0.0,0.0,0.0,0.0,0.0,0.0,0.0,0.0,0.0,0.0,0.0,0.0,0.0,0.0,0.0,0.0,0.0,0.0,0.0,0.0,0.0,0.0,0.0,0.0,0.0,0.0,0.0,0.0,0.0,0.0,0.0,0.0,0.0,0.0,0.0,0.0,0.0,0.0,0.0,0.0,0.0,0.0
Denmark,0,0,0,0,(7+/-4)e+05,(1.5+/-0.9)e+06,(2.2+/-1.3)e+06,(2.9+/-1.7)e+06,(3.6+/-2.1)e+06,(4.4+/-2.6)e+06,(5.1+/-3.0)e+06,(5.8+/-3.4)e+06,(7+/-4)e+06,(7+/-4)e+06,(8+/-5)e+06,(9+/-5)e+06,(9+/-6)e+06,(1.0+/-0.6)e+07,(1.1+/-0.6)e+07,(1.2+/-0.7)e+07,(1.2+/-0.7)e+07,(1.3+/-0.8)e+07,(1.4+/-0.8)e+07,(1.5+/-0.9)e+07,(1.5+/-0.9)e+07,(1.6+/-0.9)e+07,(1.7+/-1.0)e+07,(1.7+/-1.0)e+07,(1.8+/-1.1)e+07,(1.9+/-1.1)e+07,(2.0+/-1.2)e+07,(2.0+/-1.2)e+07,(2.1+/-1.2)e+07,(2.2+/-1.3)e+07,(2.3+/-1.3)e+07,(2.3+/-1.4)e+07,(2.4+/-1.4)e+07,(2.5+/-1.5)e+07,(2.5+/-1.5)e+07,(2.6+/-1.5)e+07,(2.7+/-1.6)e+07,(2.8+/-1.6)e+07,(2.8+/-1.7)e+07,(2.9+/-1.7)e+07,(3.0+/-1.8)e+07,(3.1+/-1.8)e+07,(3.1+/-1.8)e+07,(3.2+/-1.9)e+07,(3.3+/-1.9)e+07,(3.3+/-2.0)e+07,(3.4+/-2.0)e+07,(3.5+/-2.1)e+07,(3.6+/-2.1)e+07
Dominican Republic,0,(1.4+/-0.8)e+05,(2.7+/-1.6)e+05,(4.1+/-2.4)e+05,(5.4+/-3.2)e+05,(7+/-4)e+05,(8+/-5)e+05,(9+/-6)e+05,(1.1+/-0.6)e+06,(1.2+/-0.7)e+06,(1.4+/-0.8)e+06,(1.5+/-0.9)e+06,(1.6+/-1.0)e+06,(1.8+/-1.0)e+06,(1.9+/-1.1)e+06,(2.0+/-1.2)e+06,(2.2+/-1.3)e+06,(2.3+/-1.4)e+06,(2.4+/-1.4)e+06,(2.6+/-1.5)e+06,(2.7+/-1.6)e+06,(2.8+/-1.7)e+06,(3.0+/-1.8)e+06,(3.1+/-1.8)e+06,(3.2+/-1.9)e+06,(3.4+/-2.0)e+06,(3.5+/-2.1)e+06,(3.7+/-2.2)e+06,(3.8+/-2.2)e+06,(3.9+/-2.3)e+06,(4.1+/-2.4)e+06,(4.2+/-2.5)e+06,(4.3+/-2.6)e+06,(4.5+/-2.6)e+06,(4.6+/-2.7)e+06,(4.7+/-2.8)e+06,(4.9+/-2.9)e+06,(5.0+/-2.9)e+06,(5.1+/-3.0)e+06,(5.3+/-3.1)e+06,(5.4+/-3.2)e+06,(5.6+/-3.3)e+06,(5.7+/-3.3)e+06,(5.8+/-3.4)e+06,(6.0+/-3.5)e+06,(6+/-4)e+06,(6+/-4)e+06,(6+/-4)e+06,(6+/-4)e+06,(7+/-4)e+06,(7+/-4)e+06,(7+/-4)e+06,(7+/-4)e+06
Algeria,0,0,0,0,0,0,0,0,(1.9+/-1.1)e+05,(3.9+/-2.3)e+05,(5.8+/-3.4)e+05,(8+/-5)e+05,(1.0+/-0.6)e+06,(1.2+/-0.7)e+06,(1.4+/-0.8)e+06,(1.6+/-0.9)e+06,(1.8+/-1.0)e+06,(1.9+/-1.1)e+06,(2.1+/-1.3)e+06,(2.3+/-1.4)e+06,(2.5+/-1.5)e+06,(2.7+/-1.6)e+06,(2.9+/-1.7)e+06,(3.1+/-1.8)e+06,(3.3+/-1.9)e+06,(3.5+/-2.1)e+06,(3.7+/-2.2)e+06,(3.9+/-2.3)e+06,(4.1+/-2.4)e+06,(4.3+/-2.5)e+06,(4.5+/-2.6)e+06,(4.7+/-2.8)e+06,(4.9+/-2.9)e+06,(5.1+/-3.0)e+06,(5.3+/-3.1)e+06,(5.5+/-3.2)e+06,(5.6+/-3.3)e+06,(5.8+/-3.4)e+06,(6+/-4)e+06,(6+/-4)e+06,(6+/-4)e+06,(7+/-4)e+06,(7+/-4)e+06,(7+/-4)e+06,(7+/-4)e+06,(7+/-4)e+06,(8+/-4)e+06,(8+/-5)e+06,(8+/-5)e+06,(8+/-5)e+06,(8+/-5)e+06,(9+/-5)e+06,(9+/-5)e+06
Ecuador,0,(1.2+/-0.7)e+05,(2.3+/-1.4)e+05,(3.5+/-2.0)e+05,(4.6+/-2.7)e+05,(5.8+/-3.4)e+05,(7+/-4)e+05,(8+/-5)e+05,(9+/-5)e+05,(1.0+/-0.6)e+06,(1.2+/-0.7)e+06,(1.3+/-0.8)e+06,(1.4+/-0.8)e+06,(1.5+/-0.9)e+06,(1.6+/-1.0)e+06,(1.7+/-1.0)e+06,(1.9+/-1.1)e+06,(2.0+/-1.2)e+06,(2.1+/-1.2)e+06,(2.2+/-1.3)e+06,(2.3+/-1.4)e+06,(2.4+/-1.4)e+06,(2.5+/-1.5)e+06,(2.7+/-1.6)e+06,(2.8+/-1.6)e+06,(2.9+/-1.7)e+06,(3.0+/-1.8)e+06,(3.1+/-1.8)e+06,(3.2+/-1.9)e+06,(3.4+/-2.0)e+06,(3.5+/-2.0)e+06,(3.6+/-2.1)e+06,(3.7+/-2.2)e+06,(3.8+/-2.3)e+06,(3.9+/-2.3)e+06,(4.1+/-2.4)e+06,(4.2+/-2.5)e+06,(4.3+/-2.5)e+06,(4.4+/-2.6)e+06,(4.5+/-2.7)e+06,(4.6+/-2.7)e+06,(4.7+/-2.8)e+06,(4.9+/-2.9)e+06,(5.0+/-2.9)e+06,(5.1+/-3.0)e+06,(5.2+/-3.1)e+06,(5.3+/-3.1)e+06,(5.4+/-3.2)e+06,(5.6+/-3.3)e+06,(5.7+/-3.3)e+06,(5.8+/-3.4)e+06,(5.9+/-3.5)e+06,(6.0+/-3.5)e+06
Egypt,0,0,0,0,0,0,(5.8+/-3.4)e+05,(1.2+/-0.7)e+06,(1.8+/-1.0)e+06,(2.3+/-1.4)e+06,(2.9+/-1.7)e+06,(3.5+/-2.1)e+06,(4.1+/-2.4)e+06,(4.7+/-2.8)e+06,(5.3+/-3.1)e+06,(5.8+/-3.4)e+06,(6+/-4)e+06,(7+/-4)e+06,(8+/-4)e+06,(8+/-5)e+06,(9+/-5)e+06,(9+/-6)e+06,(1.0+/-0.6)e+07,(1.1+/-0.6)e+07,(1.1+/-0.7)e+07,(1.2+/-0.7)e+07,(1.2+/-0.7)e+07,(1.3+/-0.8)e+07,(1.3+/-0.8)e+07,(1.4+/-0.8)e+07,(1.5+/-0.9)e+07,(1.5+/-0.9)e+07,(1.6+/-0.9)e+07,(1.6+/-1.0)e+07,(1.7+/-1.0)e+07,(1.8+/-1.0)e+07,(1.8+/-1.1)e+07,(1.9+/-1.1)e+07,(1.9+/-1.1)e+07,(2.0+/-1.2)e+07,(2.0+/-1.2)e+07,(2.1+/-1.2)e+07,(2.2+/-1.3)e+07,(2.2+/-1.3)e+07,(2.3+/-1.3)e+07,(2.3+/-1.4)e+07,(2.4+/-1.4)e+07,(2.5+/-1.4)e+07,(2.5+/-1.5)e+07,(2.6+/-1.5)e+07,(2.6+/-1.5)e+07,(2.7+/-1.6)e+07,(2.7+/-1.6)e+07
Eritrea,0.0,0.0,0.0,0.0,0.0,0.0,0.0,0.0,0.0,0.0,0.0,0.0,0.0,0.0,0.0,0.0,0.0,0.0,0.0,0.0,0.0,0.0,0.0,0.0,0.0,0.0,0.0,0.0,0.0,0.0,0.0,0.0,0.0,0.0,0.0,0.0,0.0,0.0,0.0,0.0,0.0,0.0,0.0,0.0,0.0,0.0,0.0,0.0,0.0,0.0,0.0,0.0,0.0
Spain,0,0,0,0,0,0,(1.8+/-1.1)e+06,(3.6+/-2.1)e+06,(5.4+/-3.2)e+06,(7+/-4)e+06,(9+/-5)e+06,(1.1+/-0.6)e+07,(1.3+/-0.7)e+07,(1.4+/-0.9)e+07,(1.6+/-1.0)e+07,(1.8+/-1.1)e+07,(2.0+/-1.2)e+07,(2.2+/-1.3)e+07,(2.3+/-1.4)e+07,(2.5+/-1.5)e+07,(2.7+/-1.6)e+07,(2.9+/-1.7)e+07,(3.1+/-1.8)e+07,(3.2+/-1.9)e+07,(3.4+/-2.0)e+07,(3.6+/-2.1)e+07,(3.8+/-2.2)e+07,(4.0+/-2.3)e+07,(4.2+/-2.4)e+07,(4.3+/-2.6)e+07,(4.5+/-2.7)e+07,(4.7+/-2.8)e+07,(4.9+/-2.9)e+07,(5.1+/-3.0)e+07,(5.2+/-3.1)e+07,(5.4+/-3.2)e+07,(5.6+/-3.3)e+07,(5.8+/-3.4)e+07,(6.0+/-3.5)e+07,(6+/-4)e+07,(6+/-4)e+07,(6+/-4)e+07,(7+/-4)e+07,(7+/-4)e+07,(7+/-4)e+07,(7+/-4)e+07,(7+/-4)e+07,(8+/-4)e+07,(8+/-5)e+07,(8+/-5)e+07,(8+/-5)e+07,(8+/-5)e+07,(8+/-5)e+07
Estonia,0,0,0,0,0,0,0,(4.7+/-2.8)e+04,(9+/-6)e+04,(1.4+/-0.8)e+05,(1.9+/-1.1)e+05,(2.3+/-1.4)e+05,(2.8+/-1.7)e+05,(3.3+/-1.9)e+05,(3.8+/-2.2)e+05,(4.2+/-2.5)e+05,(4.7+/-2.8)e+05,(5.2+/-3.0)e+05,(5.6+/-3.3)e+05,(6+/-4)e+05,(7+/-4)e+05,(7+/-4)e+05,(8+/-4)e+05,(8+/-5)e+05,(8+/-5)e+05,(9+/-5)e+05,(9+/-6)e+05,(1.0+/-0.6)e+06,(1.0+/-0.6)e+06,(1.1+/-0.6)e+06,(1.1+/-0.7)e+06,(1.2+/-0.7)e+06,(1.2+/-0.7)e+06,(1.3+/-0.7)e+06,(1.3+/-0.8)e+06,(1.4+/-0.8)e+06,(1.4+/-0.8)e+06,(1.5+/-0.9)e+06,(1.5+/-0.9)e+06,(1.6+/-0.9)e+06,(1.6+/-0.9)e+06,(1.6+/-1.0)e+06,(1.7+/-1.0)e+06,(1.7+/-1.0)e+06,(1.8+/-1.1)e+06,(1.8+/-1.1)e+06,(1.9+/-1.1)e+06,(1.9+/-1.1)e+06,(2.0+/-1.2)e+06,(2.0+/-1.2)e+06,(2.1+/-1.2)e+06,(2.1+/-1.2)e+06,(2.2+/-1.3)e+06
Ethiopia,0.0,0.0,0.0,0.0,0.0,0.0,0.0,0.0,0.0,0.0,0.0,0.0,0.0,0.0,0.0,0.0,0.0,0.0,0.0,0.0,0.0,0.0,0.0,0.0,0.0,0.0,0.0,0.0,0.0,0.0,0.0,0.0,0.0,0.0,0.0,0.0,0.0,0.0,0.0,0.0,0.0,0.0,0.0,0.0,0.0,0.0,0.0,0.0,0.0,0.0,0.0,0.0,0.0
Finland,0,0,0,0,0,0,(4.6+/-2.7)e+05,(9+/-5)e+05,(1.4+/-0.8)e+06,(1.8+/-1.1)e+06,(2.3+/-1.4)e+06,(2.8+/-1.6)e+06,(3.2+/-1.9)e+06,(3.7+/-2.2)e+06,(4.1+/-2.4)e+06,(4.6+/-2.7)e+06,(5.1+/-3.0)e+06,(5.5+/-3.2)e+06,(6.0+/-3.5)e+06,(6+/-4)e+06,(7+/-4)e+06,(7+/-4)e+06,(8+/-5)e+06,(8+/-5)e+06,(9+/-5)e+06,(9+/-5)e+06,(1.0+/-0.6)e+07,(1.0+/-0.6)e+07,(1.1+/-0.6)e+07,(1.1+/-0.6)e+07,(1.1+/-0.7)e+07,(1.2+/-0.7)e+07,(1.2+/-0.7)e+07,(1.3+/-0.8)e+07,(1.3+/-0.8)e+07,(1.4+/-0.8)e+07,(1.4+/-0.8)e+07,(1.5+/-0.9)e+07,(1.5+/-0.9)e+07,(1.6+/-0.9)e+07,(1.6+/-0.9)e+07,(1.7+/-1.0)e+07,(1.7+/-1.0)e+07,(1.7+/-1.0)e+07,(1.8+/-1.1)e+07,(1.8+/-1.1)e+07,(1.9+/-1.1)e+07,(1.9+/-1.1)e+07,(2.0+/-1.2)e+07,(2.0+/-1.2)e+07,(2.1+/-1.2)e+07,(2.1+/-1.2)e+07,(2.2+/-1.3)e+07
Fiji,0.0,0.0,0.0,0.0,0.0,0.0,0.0,0.0,0.0,0.0,0.0,0.0,0.0,0.0,0.0,0.0,0.0,0.0,0.0,0.0,0.0,0.0,0.0,0.0,0.0,0.0,0.0,0.0,0.0,0.0,0.0,0.0,0.0,0.0,0.0,0.0,0.0,0.0,0.0,0.0,0.0,0.0,0.0,0.0,0.0,0.0,0.0,0.0,0.0,0.0,0.0,0.0,0.0
France,(1.6+/-0.9)e+08,(1.6+/-0.9)e+08,(1.6+/-1.0)e+08,(1.7+/-1.0)e+08,(1.7+/-1.0)e+08,(1.8+/-1.0)e+08,(1.8+/-1.1)e+08,(1.9+/-1.1)e+08,(1.9+/-1.1)e+08,(1.9+/-1.1)e+08,(2.0+/-1.2)e+08,(2.0+/-1.2)e+08,(2.1+/-1.2)e+08,(2.1+/-1.2)e+08,(2.2+/-1.3)e+08,(2.2+/-1.3)e+08,(2.2+/-1.3)e+08,(2.3+/-1.3)e+08,(2.3+/-1.4)e+08,(2.4+/-1.4)e+08,(2.4+/-1.4)e+08,(2.5+/-1.4)e+08,(2.5+/-1.5)e+08,(2.5+/-1.5)e+08,(2.6+/-1.5)e+08,(2.6+/-1.5)e+08,(2.7+/-1.6)e+08,(2.7+/-1.6)e+08,(2.8+/-1.6)e+08,(2.8+/-1.6)e+08,(2.8+/-1.7)e+08,(2.9+/-1.7)e+08,(2.9+/-1.7)e+08,(3.0+/-1.8)e+08,(3.0+/-1.8)e+08,(3.1+/-1.8)e+08,(3.1+/-1.8)e+08,(3.1+/-1.9)e+08,(3.2+/-1.9)e+08,(3.2+/-1.9)e+08,(3.3+/-1.9)e+08,(3.3+/-2.0)e+08,(3.4+/-2.0)e+08,(3.4+/-2.0)e+08,(3.4+/-2.0)e+08,(3.5+/-2.1)e+08,(3.5+/-2.1)e+08,(3.6+/-2.1)e+08,(3.6+/-2.1)e+08,(3.7+/-2.2)e+08,(3.7+/-2.2)e+08,(3.7+/-2.2)e+08,(3.8+/-2.2)e+08
Faroe Islands,0.0,0.0,0.0,0.0,0.0,0.0,0.0,0.0,0.0,0.0,0.0,0.0,0.0,0.0,0.0,0.0,0.0,0.0,0.0,0.0,0.0,0.0,0.0,0.0,0.0,0.0,0.0,0.0,0.0,0.0,0.0,0.0,0.0,0.0,0.0,0.0,0.0,0.0,0.0,0.0,0.0,0.0,0.0,0.0,0.0,0.0,0.0,0.0,0.0,0.0,0.0,0.0,0.0
"Micronesia, Fed. Sts.",0.0,0.0,0.0,0.0,0.0,0.0,0.0,0.0,0.0,0.0,0.0,0.0,0.0,0.0,0.0,0.0,0.0,0.0,0.0,0.0,0.0,0.0,0.0,0.0,0.0,0.0,0.0,0.0,0.0,0.0,0.0,0.0,0.0,0.0,0.0,0.0,0.0,0.0,0.0,0.0,0.0,0.0,0.0,0.0,0.0,0.0,0.0,0.0,0.0,0.0,0.0,0.0,0.0
Gabon,0.0,0.0,0.0,0.0,0.0,0.0,0.0,0.0,0.0,0.0,0.0,0.0,0.0,0.0,0.0,0.0,0.0,0.0,0.0,0.0,0.0,0.0,0.0,0.0,0.0,0.0,0.0,0.0,0.0,0.0,0.0,0.0,0.0,0.0,0.0,0.0,0.0,0.0,0.0,0.0,0.0,0.0,0.0,0.0,0.0,0.0,0.0,0.0,0.0,0.0,0.0,0.0,0.0
United Kingdom,(1.3+/-0.8)e+09,(1.3+/-0.8)e+09,(1.4+/-0.8)e+09,(1.4+/-0.8)e+09,(1.5+/-0.9)e+09,(1.5+/-0.9)e+09,(1.5+/-0.9)e+09,(1.6+/-0.9)e+09,(1.6+/-0.9)e+09,(1.6+/-1.0)e+09,(1.7+/-1.0)e+09,(1.7+/-1.0)e+09,(1.7+/-1.0)e+09,(1.8+/-1.0)e+09,(1.8+/-1.1)e+09,(1.9+/-1.1)e+09,(1.9+/-1.1)e+09,(1.9+/-1.1)e+09,(2.0+/-1.2)e+09,(2.0+/-1.2)e+09,(2.0+/-1.2)e+09,(2.1+/-1.2)e+09,(2.1+/-1.2)e+09,(2.1+/-1.3)e+09,(2.2+/-1.3)e+09,(2.2+/-1.3)e+09,(2.2+/-1.3)e+09,(2.3+/-1.3)e+09,(2.3+/-1.4)e+09,(2.4+/-1.4)e+09,(2.4+/-1.4)e+09,(2.4+/-1.4)e+09,(2.5+/-1.5)e+09,(2.5+/-1.5)e+09,(2.5+/-1.5)e+09,(2.6+/-1.5)e+09,(2.6+/-1.5)e+09,(2.6+/-1.6)e+09,(2.7+/-1.6)e+09,(2.7+/-1.6)e+09,(2.8+/-1.6)e+09,(2.8+/-1.6)e+09,(2.8+/-1.7)e+09,(2.9+/-1.7)e+09,(2.9+/-1.7)e+09,(2.9+/-1.7)e+09,(3.0+/-1.7)e+09,(3.0+/-1.8)e+09,(3.0+/-1.8)e+09,(3.1+/-1.8)e+09,(3.1+/-1.8)e+09,(3.1+/-1.9)e+09,(3.2+/-1.9)e+09
Georgia,0.0,0.0,0.0,0.0,0.0,0.0,0.0,0.0,0.0,0.0,0.0,0.0,0.0,0.0,0.0,0.0,0.0,0.0,0.0,0.0,0.0,0.0,0.0,0.0,0.0,0.0,0.0,0.0,0.0,0.0,0.0,0.0,0.0,0.0,0.0,0.0,0.0,0.0,0.0,0.0,0.0,0.0,0.0,0.0,0.0,0.0,0.0,0.0,0.0,0.0,0.0,0.0,0.0
Ghana,0.0,0.0,0.0,0.0,0.0,0.0,0.0,0.0,0.0,0.0,0.0,0.0,0.0,0.0,0.0,0.0,0.0,0.0,0.0,0.0,0.0,0.0,0.0,0.0,0.0,0.0,0.0,0.0,0.0,0.0,0.0,0.0,0.0,0.0,0.0,0.0,0.0,0.0,0.0,0.0,0.0,0.0,0.0,0.0,0.0,0.0,0.0,0.0,0.0,0.0,0.0,0.0,0.0
Gibraltar,0.0,0.0,0.0,0.0,0.0,0.0,0.0,0.0,0.0,0.0,0.0,0.0,0.0,0.0,0.0,0.0,0.0,0.0,0.0,0.0,0.0,0.0,0.0,0.0,0.0,0.0,0.0,0.0,0.0,0.0,0.0,0.0,0.0,0.0,0.0,0.0,0.0,0.0,0.0,0.0,0.0,0.0,0.0,0.0,0.0,0.0,0.0,0.0,0.0,0.0,0.0,0.0,0.0
Guinea,0.0,0.0,0.0,0.0,0.0,0.0,0.0,0.0,0.0,0.0,0.0,0.0,0.0,0.0,0.0,0.0,0.0,0.0,0.0,0.0,0.0,0.0,0.0,0.0,0.0,0.0,0.0,0.0,0.0,0.0,0.0,0.0,0.0,0.0,0.0,0.0,0.0,0.0,0.0,0.0,0.0,0.0,0.0,0.0,0.0,0.0,0.0,0.0,0.0,0.0,0.0,0.0,0.0
Gambia,0.0,0.0,0.0,0.0,0.0,0.0,0.0,0.0,0.0,0.0,0.0,0.0,0.0,0.0,0.0,0.0,0.0,0.0,0.0,0.0,0.0,0.0,0.0,0.0,0.0,0.0,0.0,0.0,0.0,0.0,0.0,0.0,0.0,0.0,0.0,0.0,0.0,0.0,0.0,0.0,0.0,0.0,0.0,0.0,0.0,0.0,0.0,0.0,0.0,0.0,0.0,0.0,0.0
Guinea-Bissau,0.0,0.0,0.0,0.0,0.0,0.0,0.0,0.0,0.0,0.0,0.0,0.0,0.0,0.0,0.0,0.0,0.0,0.0,0.0,0.0,0.0,0.0,0.0,0.0,0.0,0.0,0.0,0.0,0.0,0.0,0.0,0.0,0.0,0.0,0.0,0.0,0.0,0.0,0.0,0.0,0.0,0.0,0.0,0.0,0.0,0.0,0.0,0.0,0.0,0.0,0.0,0.0,0.0
Equatorial Guinea,0.0,0.0,0.0,0.0,0.0,0.0,0.0,0.0,0.0,0.0,0.0,0.0,0.0,0.0,0.0,0.0,0.0,0.0,0.0,0.0,0.0,0.0,0.0,0.0,0.0,0.0,0.0,0.0,0.0,0.0,0.0,0.0,0.0,0.0,0.0,0.0,0.0,0.0,0.0,0.0,0.0,0.0,0.0,0.0,0.0,0.0,0.0,0.0,0.0,0.0,0.0,0.0,0.0
Greece,0,0,0,0,0,0,0,(2.0+/-1.2)e+05,(4.0+/-2.4)e+05,(6+/-4)e+05,(8+/-5)e+05,(1.0+/-0.6)e+06,(1.2+/-0.7)e+06,(1.4+/-0.8)e+06,(1.6+/-1.0)e+06,(1.8+/-1.1)e+06,(2.0+/-1.2)e+06,(2.2+/-1.3)e+06,(2.4+/-1.4)e+06,(2.6+/-1.5)e+06,(2.8+/-1.7)e+06,(3.0+/-1.8)e+06,(3.2+/-1.9)e+06,(3.4+/-2.0)e+06,(3.6+/-2.1)e+06,(3.8+/-2.3)e+06,(4.0+/-2.4)e+06,(4.2+/-2.5)e+06,(4.4+/-2.6)e+06,(4.6+/-2.7)e+06,(4.8+/-2.9)e+06,(5.0+/-3.0)e+06,(5.2+/-3.1)e+06,(5.4+/-3.2)e+06,(5.6+/-3.3)e+06,(5.9+/-3.4)e+06,(6+/-4)e+06,(6+/-4)e+06,(6+/-4)e+06,(7+/-4)e+06,(7+/-4)e+06,(7+/-4)e+06,(7+/-4)e+06,(7+/-4)e+06,(8+/-5)e+06,(8+/-5)e+06,(8+/-5)e+06,(8+/-5)e+06,(8+/-5)e+06,(9+/-5)e+06,(9+/-5)e+06,(9+/-5)e+06,(9+/-5)e+06
Grenada,0.0,0.0,0.0,0.0,0.0,0.0,0.0,0.0,0.0,0.0,0.0,0.0,0.0,0.0,0.0,0.0,0.0,0.0,0.0,0.0,0.0,0.0,0.0,0.0,0.0,0.0,0.0,0.0,0.0,0.0,0.0,0.0,0.0,0.0,0.0,0.0,0.0,0.0,0.0,0.0,0.0,0.0,0.0,0.0,0.0,0.0,0.0,0.0,0.0,0.0,0.0,0.0,0.0
Greenland,0.0,0.0,0.0,0.0,0.0,0.0,0.0,0.0,0.0,0.0,0.0,0.0,0.0,0.0,0.0,0.0,0.0,0.0,0.0,0.0,0.0,0.0,0.0,0.0,0.0,0.0,0.0,0.0,0.0,0.0,0.0,0.0,0.0,0.0,0.0,0.0,0.0,0.0,0.0,0.0,0.0,0.0,0.0,0.0,0.0,0.0,0.0,0.0,0.0,0.0,0.0,0.0,0.0
Guatemala,0,0,0,0,0,0,0,0,(1.2+/-0.7)e+05,(2.5+/-1.5)e+05,(3.7+/-2.2)e+05,(5.0+/-2.9)e+05,(6+/-4)e+05,(7+/-4)e+05,(9+/-5)e+05,(1.0+/-0.6)e+06,(1.1+/-0.7)e+06,(1.2+/-0.7)e+06,(1.4+/-0.8)e+06,(1.5+/-0.9)e+06,(1.6+/-0.9)e+06,(1.7+/-1.0)e+06,(1.9+/-1.1)e+06,(2.0+/-1.2)e+06,(2.1+/-1.2)e+06,(2.2+/-1.3)e+06,(2.4+/-1.4)e+06,(2.5+/-1.5)e+06,(2.6+/-1.5)e+06,(2.7+/-1.6)e+06,(2.9+/-1.7)e+06,(3.0+/-1.8)e+06,(3.1+/-1.8)e+06,(3.2+/-1.9)e+06,(3.3+/-2.0)e+06,(3.5+/-2.0)e+06,(3.6+/-2.1)e+06,(3.7+/-2.2)e+06,(3.8+/-2.3)e+06,(4.0+/-2.3)e+06,(4.1+/-2.4)e+06,(4.2+/-2.5)e+06,(4.3+/-2.6)e+06,(4.5+/-2.6)e+06,(4.6+/-2.7)e+06,(4.7+/-2.8)e+06,(4.8+/-2.8)e+06,(5.0+/-2.9)e+06,(5.1+/-3.0)e+06,(5.2+/-3.1)e+06,(5.3+/-3.1)e+06,(5.5+/-3.2)e+06,(5.6+/-3.3)e+06
Guam,0.0,0.0,0.0,0.0,0.0,0.0,0.0,0.0,0.0,0.0,0.0,0.0,0.0,0.0,0.0,0.0,0.0,0.0,0.0,0.0,0.0,0.0,0.0,0.0,0.0,0.0,0.0,0.0,0.0,0.0,0.0,0.0,0.0,0.0,0.0,0.0,0.0,0.0,0.0,0.0,0.0,0.0,0.0,0.0,0.0,0.0,0.0,0.0,0.0,0.0,0.0,0.0,0.0
Guyana,0.0,0.0,0.0,0.0,0.0,0.0,0.0,0.0,0.0,0.0,0.0,0.0,0.0,0.0,0.0,0.0,0.0,0.0,0.0,0.0,0.0,0.0,0.0,0.0,0.0,0.0,0.0,0.0,0.0,0.0,0.0,0.0,0.0,0.0,0.0,0.0,0.0,0.0,0.0,0.0,0.0,0.0,0.0,0.0,0.0,0.0,0.0,0.0,0.0,0.0,0.0,0.0,0.0
Hong Kong,0.0,0.0,0.0,0.0,0.0,0.0,0.0,0.0,0.0,0.0,0.0,0.0,0.0,0.0,0.0,0.0,0.0,0.0,0.0,0.0,0.0,0.0,0.0,0.0,0.0,0.0,0.0,0.0,0.0,0.0,0.0,0.0,0.0,0.0,0.0,0.0,0.0,0.0,0.0,0.0,0.0,0.0,0.0,0.0,0.0,0.0,0.0,0.0,0.0,0.0,0.0,0.0,0.0
Honduras,0,(3.7+/-2.2)e+04,(7+/-4)e+04,(1.1+/-0.7)e+05,(1.5+/-0.9)e+05,(1.9+/-1.1)e+05,(2.2+/-1.3)e+05,(2.6+/-1.5)e+05,(3.0+/-1.8)e+05,(3.4+/-2.0)e+05,(3.7+/-2.2)e+05,(4.1+/-2.4)e+05,(4.5+/-2.6)e+05,(4.9+/-2.9)e+05,(5.2+/-3.1)e+05,(5.6+/-3.3)e+05,(6.0+/-3.5)e+05,(6+/-4)e+05,(7+/-4)e+05,(7+/-4)e+05,(7+/-4)e+05,(8+/-5)e+05,(8+/-5)e+05,(9+/-5)e+05,(9+/-5)e+05,(9+/-6)e+05,(1.0+/-0.6)e+06,(1.0+/-0.6)e+06,(1.0+/-0.6)e+06,(1.1+/-0.6)e+06,(1.1+/-0.7)e+06,(1.2+/-0.7)e+06,(1.2+/-0.7)e+06,(1.2+/-0.7)e+06,(1.3+/-0.7)e+06,(1.3+/-0.8)e+06,(1.3+/-0.8)e+06,(1.4+/-0.8)e+06,(1.4+/-0.8)e+06,(1.5+/-0.9)e+06,(1.5+/-0.9)e+06,(1.5+/-0.9)e+06,(1.6+/-0.9)e+06,(1.6+/-0.9)e+06,(1.6+/-1.0)e+06,(1.7+/-1.0)e+06,(1.7+/-1.0)e+06,(1.8+/-1.0)e+06,(1.8+/-1.1)e+06,(1.8+/-1.1)e+06,(1.9+/-1.1)e+06,(1.9+/-1.1)e+06,(1.9+/-1.1)e+06
Croatia,0,0,0,0,0,0,0,0,(9+/-5)e+04,(1.8+/-1.1)e+05,(2.7+/-1.6)e+05,(3.6+/-2.1)e+05,(4.5+/-2.6)e+05,(5.4+/-3.2)e+05,(6+/-4)e+05,(7+/-4)e+05,(8+/-5)e+05,(9+/-5)e+05,(1.0+/-0.6)e+06,(1.1+/-0.6)e+06,(1.2+/-0.7)e+06,(1.3+/-0.7)e+06,(1.3+/-0.8)e+06,(1.4+/-0.8)e+06,(1.5+/-0.9)e+06,(1.6+/-1.0)e+06,(1.7+/-1.0)e+06,(1.8+/-1.1)e+06,(1.9+/-1.1)e+06,(2.0+/-1.2)e+06,(2.1+/-1.2)e+06,(2.2+/-1.3)e+06,(2.2+/-1.3)e+06,(2.3+/-1.4)e+06,(2.4+/-1.4)e+06,(2.5+/-1.5)e+06,(2.6+/-1.5)e+06,(2.7+/-1.6)e+06,(2.8+/-1.6)e+06,(2.9+/-1.7)e+06,(3.0+/-1.7)e+06,(3.1+/-1.8)e+06,(3.1+/-1.9)e+06,(3.2+/-1.9)e+06,(3.3+/-2.0)e+06,(3.4+/-2.0)e+06,(3.5+/-2.1)e+06,(3.6+/-2.1)e+06,(3.7+/-2.2)e+06,(3.8+/-2.2)e+06,(3.9+/-2.3)e+06,(4.0+/-2.3)e+06,(4.0+/-2.4)e+06
Haiti,0.0,0.0,0.0,0.0,0.0,0.0,0.0,0.0,0.0,0.0,0.0,0.0,0.0,0.0,0.0,0.0,0.0,0.0,0.0,0.0,0.0,0.0,0.0,0.0,0.0,0.0,0.0,0.0,0.0,0.0,0.0,0.0,0.0,0.0,0.0,0.0,0.0,0.0,0.0,0.0,0.0,0.0,0.0,0.0,0.0,0.0,0.0,0.0,0.0,0.0,0.0,0.0,0.0
Hungary,0,0,0,0,0,(4.0+/-2.3)e+05,(8+/-5)e+05,(1.2+/-0.7)e+06,(1.6+/-0.9)e+06,(2.0+/-1.2)e+06,(2.4+/-1.4)e+06,(2.8+/-1.6)e+06,(3.2+/-1.9)e+06,(3.6+/-2.1)e+06,(4.0+/-2.3)e+06,(4.3+/-2.6)e+06,(4.7+/-2.8)e+06,(5.1+/-3.0)e+06,(5.5+/-3.3)e+06,(5.9+/-3.5)e+06,(6+/-4)e+06,(7+/-4)e+06,(7+/-4)e+06,(8+/-4)e+06,(8+/-5)e+06,(8+/-5)e+06,(9+/-5)e+06,(9+/-5)e+06,(9+/-6)e+06,(1.0+/-0.6)e+07,(1.0+/-0.6)e+07,(1.1+/-0.6)e+07,(1.1+/-0.7)e+07,(1.1+/-0.7)e+07,(1.2+/-0.7)e+07,(1.2+/-0.7)e+07,(1.3+/-0.7)e+07,(1.3+/-0.8)e+07,(1.3+/-0.8)e+07,(1.4+/-0.8)e+07,(1.4+/-0.8)e+07,(1.5+/-0.9)e+07,(1.5+/-0.9)e+07,(1.5+/-0.9)e+07,(1.6+/-0.9)e+07,(1.6+/-1.0)e+07,(1.7+/-1.0)e+07,(1.7+/-1.0)e+07,(1.7+/-1.0)e+07,(1.8+/-1.0)e+07,(1.8+/-1.1)e+07,(1.9+/-1.1)e+07,(1.9+/-1.1)e+07
Indonesia,0,0,0,0,0,(2.8+/-1.6)e+06,(5.6+/-3.3)e+06,(8+/-5)e+06,(1.1+/-0.7)e+07,(1.4+/-0.8)e+07,(1.7+/-1.0)e+07,(2.0+/-1.2)e+07,(2.2+/-1.3)e+07,(2.5+/-1.5)e+07,(2.8+/-1.6)e+07,(3.1+/-1.8)e+07,(3.4+/-2.0)e+07,(3.6+/-2.1)e+07,(3.9+/-2.3)e+07,(4.2+/-2.5)e+07,(4.5+/-2.6)e+07,(4.7+/-2.8)e+07,(5.0+/-3.0)e+07,(5.3+/-3.1)e+07,(5.6+/-3.3)e+07,(5.9+/-3.5)e+07,(6+/-4)e+07,(6+/-4)e+07,(7+/-4)e+07,(7+/-4)e+07,(7+/-4)e+07,(8+/-4)e+07,(8+/-5)e+07,(8+/-5)e+07,(8+/-5)e+07,(9+/-5)e+07,(9+/-5)e+07,(9+/-5)e+07,(9+/-6)e+07,(1.0+/-0.6)e+08,(1.0+/-0.6)e+08,(1.0+/-0.6)e+08,(1.1+/-0.6)e+08,(1.1+/-0.6)e+08,(1.1+/-0.7)e+08,(1.1+/-0.7)e+08,(1.2+/-0.7)e+08,(1.2+/-0.7)e+08,(1.2+/-0.7)e+08,(1.3+/-0.7)e+08,(1.3+/-0.8)e+08,(1.3+/-0.8)e+08,(1.3+/-0.8)e+08
Isle of Man,0.0,0.0,0.0,0.0,0.0,0.0,0.0,0.0,0.0,0.0,0.0,0.0,0.0,0.0,0.0,0.0,0.0,0.0,0.0,0.0,0.0,0.0,0.0,0.0,0.0,0.0,0.0,0.0,0.0,0.0,0.0,0.0,0.0,0.0,0.0,0.0,0.0,0.0,0.0,0.0,0.0,0.0,0.0,0.0,0.0,0.0,0.0,0.0,0.0,0.0,0.0,0.0,0.0
India,0,0,0,(5.3+/-3.1)e+06,(1.1+/-0.6)e+07,(1.6+/-0.9)e+07,(2.1+/-1.3)e+07,(2.7+/-1.6)e+07,(3.2+/-1.9)e+07,(3.7+/-2.2)e+07,(4.3+/-2.5)e+07,(4.8+/-2.8)e+07,(5.3+/-3.1)e+07,(5.9+/-3.4)e+07,(6+/-4)e+07,(7+/-4)e+07,(7+/-4)e+07,(8+/-5)e+07,(9+/-5)e+07,(9+/-5)e+07,(1.0+/-0.6)e+08,(1.0+/-0.6)e+08,(1.1+/-0.6)e+08,(1.1+/-0.7)e+08,(1.2+/-0.7)e+08,(1.2+/-0.7)e+08,(1.3+/-0.8)e+08,(1.3+/-0.8)e+08,(1.4+/-0.8)e+08,(1.4+/-0.8)e+08,(1.5+/-0.9)e+08,(1.5+/-0.9)e+08,(1.6+/-0.9)e+08,(1.6+/-1.0)e+08,(1.7+/-1.0)e+08,(1.8+/-1.0)e+08,(1.8+/-1.1)e+08,(1.9+/-1.1)e+08,(1.9+/-1.1)e+08,(2.0+/-1.2)e+08,(2.0+/-1.2)e+08,(2.1+/-1.2)e+08,(2.1+/-1.3)e+08,(2.2+/-1.3)e+08,(2.2+/-1.3)e+08,(2.3+/-1.3)e+08,(2.3+/-1.4)e+08,(2.4+/-1.4)e+08,(2.4+/-1.4)e+08,(2.5+/-1.5)e+08,(2.6+/-1.5)e+08,(2.6+/-1.5)e+08,(2.7+/-1.6)e+08
Ireland,0,0,0,0,0,0,0,0,(1.4+/-0.8)e+06,(2.8+/-1.6)e+06,(4.2+/-2.5)e+06,(5.6+/-3.3)e+06,(7+/-4)e+06,(8+/-5)e+06,(1.0+/-0.6)e+07,(1.1+/-0.7)e+07,(1.3+/-0.7)e+07,(1.4+/-0.8)e+07,(1.5+/-0.9)e+07,(1.7+/-1.0)e+07,(1.8+/-1.1)e+07,(2.0+/-1.2)e+07,(2.1+/-1.2)e+07,(2.2+/-1.3)e+07,(2.4+/-1.4)e+07,(2.5+/-1.5)e+07,(2.7+/-1.6)e+07,(2.8+/-1.6)e+07,(2.9+/-1.7)e+07,(3.1+/-1.8)e+07,(3.2+/-1.9)e+07,(3.4+/-2.0)e+07,(3.5+/-2.1)e+07,(3.6+/-2.1)e+07,(3.8+/-2.2)e+07,(3.9+/-2.3)e+07,(4.1+/-2.4)e+07,(4.2+/-2.5)e+07,(4.3+/-2.6)e+07,(4.5+/-2.6)e+07,(4.6+/-2.7)e+07,(4.8+/-2.8)e+07,(4.9+/-2.9)e+07,(5.0+/-3.0)e+07,(5.2+/-3.0)e+07,(5.3+/-3.1)e+07,(5.5+/-3.2)e+07,(5.6+/-3.3)e+07,(5.7+/-3.4)e+07,(5.9+/-3.5)e+07,(6.0+/-3.5)e+07,(6+/-4)e+07,(6+/-4)e+07
Iran,0,0,0,0,0,0,0,(7+/-4)e+05,(1.4+/-0.8)e+06,(2.1+/-1.2)e+06,(2.8+/-1.7)e+06,(3.5+/-2.1)e+06,(4.2+/-2.5)e+06,(4.9+/-2.9)e+06,(5.6+/-3.3)e+06,(6+/-4)e+06,(7+/-4)e+06,(8+/-5)e+06,(8+/-5)e+06,(9+/-5)e+06,(1.0+/-0.6)e+07,(1.1+/-0.6)e+07,(1.1+/-0.7)e+07,(1.2+/-0.7)e+07,(1.3+/-0.7)e+07,(1.3+/-0.8)e+07,(1.4+/-0.8)e+07,(1.5+/-0.9)e+07,(1.6+/-0.9)e+07,(1.6+/-1.0)e+07,(1.7+/-1.0)e+07,(1.8+/-1.0)e+07,(1.8+/-1.1)e+07,(1.9+/-1.1)e+07,(2.0+/-1.2)e+07,(2.0+/-1.2)e+07,(2.1+/-1.2)e+07,(2.2+/-1.3)e+07,(2.3+/-1.3)e+07,(2.3+/-1.4)e+07,(2.4+/-1.4)e+07,(2.5+/-1.5)e+07,(2.5+/-1.5)e+07,(2.6+/-1.5)e+07,(2.7+/-1.6)e+07,(2.8+/-1.6)e+07,(2.8+/-1.7)e+07,(2.9+/-1.7)e+07,(3.0+/-1.7)e+07,(3.0+/-1.8)e+07,(3.1+/-1.8)e+07,(3.2+/-1.9)e+07,(3.2+/-1.9)e+07
Iraq,0,(5.7+/-3.4)e+04,(1.1+/-0.7)e+05,(1.7+/-1.0)e+05,(2.3+/-1.3)e+05,(2.9+/-1.7)e+05,(3.4+/-2.0)e+05,(4.0+/-2.4)e+05,(4.6+/-2.7)e+05,(5.1+/-3.0)e+05,(5.7+/-3.4)e+05,(6+/-4)e+05,(7+/-4)e+05,(7+/-4)e+05,(8+/-5)e+05,(9+/-5)e+05,(9+/-5)e+05,(1.0+/-0.6)e+06,(1.0+/-0.6)e+06,(1.1+/-0.6)e+06,(1.1+/-0.7)e+06,(1.2+/-0.7)e+06,(1.3+/-0.7)e+06,(1.3+/-0.8)e+06,(1.4+/-0.8)e+06,(1.4+/-0.8)e+06,(1.5+/-0.9)e+06,(1.5+/-0.9)e+06,(1.6+/-0.9)e+06,(1.7+/-1.0)e+06,(1.7+/-1.0)e+06,(1.8+/-1.0)e+06,(1.8+/-1.1)e+06,(1.9+/-1.1)e+06,(1.9+/-1.1)e+06,(2.0+/-1.2)e+06,(2.1+/-1.2)e+06,(2.1+/-1.2)e+06,(2.2+/-1.3)e+06,(2.2+/-1.3)e+06,(2.3+/-1.3)e+06,(2.3+/-1.4)e+06,(2.4+/-1.4)e+06,(2.5+/-1.4)e+06,(2.5+/-1.5)e+06,(2.6+/-1.5)e+06,(2.6+/-1.5)e+06,(2.7+/-1.6)e+06,(2.7+/-1.6)e+06,(2.8+/-1.6)e+06,(2.9+/-1.7)e+06,(2.9+/-1.7)e+06,(3.0+/-1.7)e+06
Iceland,0,0,0,0,(3.5+/-2.1)e+04,(7+/-4)e+04,(1.1+/-0.6)e+05,(1.4+/-0.8)e+05,(1.8+/-1.0)e+05,(2.1+/-1.3)e+05,(2.5+/-1.5)e+05,(2.8+/-1.7)e+05,(3.2+/-1.9)e+05,(3.5+/-2.1)e+05,(3.9+/-2.3)e+05,(4.2+/-2.5)e+05,(4.6+/-2.7)e+05,(5.0+/-2.9)e+05,(5.3+/-3.1)e+05,(5.7+/-3.3)e+05,(6.0+/-3.5)e+05,(6+/-4)e+05,(7+/-4)e+05,(7+/-4)e+05,(7+/-4)e+05,(8+/-5)e+05,(8+/-5)e+05,(8+/-5)e+05,(9+/-5)e+05,(9+/-5)e+05,(1.0+/-0.6)e+06,(1.0+/-0.6)e+06,(1.0+/-0.6)e+06,(1.1+/-0.6)e+06,(1.1+/-0.6)e+06,(1.1+/-0.7)e+06,(1.2+/-0.7)e+06,(1.2+/-0.7)e+06,(1.2+/-0.7)e+06,(1.3+/-0.8)e+06,(1.3+/-0.8)e+06,(1.3+/-0.8)e+06,(1.4+/-0.8)e+06,(1.4+/-0.8)e+06,(1.5+/-0.9)e+06,(1.5+/-0.9)e+06,(1.5+/-0.9)e+06,(1.6+/-0.9)e+06,(1.6+/-0.9)e+06,(1.6+/-1.0)e+06,(1.7+/-1.0)e+06,(1.7+/-1.0)e+06,(1.7+/-1.0)e+06
Israel,0,0,(8+/-5)e+05,(1.5+/-0.9)e+06,(2.3+/-1.4)e+06,(3.1+/-1.8)e+06,(3.8+/-2.3)e+06,(4.6+/-2.7)e+06,(5.4+/-3.2)e+06,(6+/-4)e+06,(7+/-4)e+06,(8+/-5)e+06,(8+/-5)e+06,(9+/-5)e+06,(1.0+/-0.6)e+07,(1.1+/-0.6)e+07,(1.2+/-0.7)e+07,(1.2+/-0.7)e+07,(1.3+/-0.8)e+07,(1.4+/-0.8)e+07,(1.5+/-0.9)e+07,(1.5+/-0.9)e+07,(1.6+/-1.0)e+07,(1.7+/-1.0)e+07,(1.8+/-1.0)e+07,(1.8+/-1.1)e+07,(1.9+/-1.1)e+07,(2.0+/-1.2)e+07,(2.1+/-1.2)e+07,(2.2+/-1.3)e+07,(2.2+/-1.3)e+07,(2.3+/-1.4)e+07,(2.4+/-1.4)e+07,(2.5+/-1.4)e+07,(2.5+/-1.5)e+07,(2.6+/-1.5)e+07,(2.7+/-1.6)e+07,(2.8+/-1.6)e+07,(2.8+/-1.7)e+07,(2.9+/-1.7)e+07,(3.0+/-1.8)e+07,(3.1+/-1.8)e+07,(3.2+/-1.9)e+07,(3.2+/-1.9)e+07,(3.3+/-1.9)e+07,(3.4+/-2.0)e+07,(3.5+/-2.0)e+07,(3.5+/-2.1)e+07,(3.6+/-2.1)e+07,(3.7+/-2.2)e+07,(3.8+/-2.2)e+07,(3.8+/-2.3)e+07,(3.9+/-2.3)e+07
Italy,0,0,(4.7+/-2.7)e+06,(9+/-5)e+06,(1.4+/-0.8)e+07,(1.9+/-1.1)e+07,(2.3+/-1.4)e+07,(2.8+/-1.6)e+07,(3.3+/-1.9)e+07,(3.7+/-2.2)e+07,(4.2+/-2.5)e+07,(4.7+/-2.7)e+07,(5.1+/-3.0)e+07,(5.6+/-3.3)e+07,(6+/-4)e+07,(7+/-4)e+07,(7+/-4)e+07,(7+/-4)e+07,(8+/-5)e+07,(8+/-5)e+07,(9+/-5)e+07,(9+/-5)e+07,(1.0+/-0.6)e+08,(1.0+/-0.6)e+08,(1.1+/-0.6)e+08,(1.1+/-0.7)e+08,(1.2+/-0.7)e+08,(1.2+/-0.7)e+08,(1.3+/-0.7)e+08,(1.3+/-0.8)e+08,(1.4+/-0.8)e+08,(1.4+/-0.8)e+08,(1.4+/-0.9)e+08,(1.5+/-0.9)e+08,(1.5+/-0.9)e+08,(1.6+/-0.9)e+08,(1.6+/-1.0)e+08,(1.7+/-1.0)e+08,(1.7+/-1.0)e+08,(1.8+/-1.0)e+08,(1.8+/-1.1)e+08,(1.9+/-1.1)e+08,(1.9+/-1.1)e+08,(2.0+/-1.2)e+08,(2.0+/-1.2)e+08,(2.1+/-1.2)e+08,(2.1+/-1.2)e+08,(2.1+/-1.3)e+08,(2.2+/-1.3)e+08,(2.2+/-1.3)e+08,(2.3+/-1.3)e+08,(2.3+/-1.4)e+08,(2.4+/-1.4)e+08
Jamaica,0.0,0.0,0.0,0.0,0.0,0.0,0.0,0.0,0.0,0.0,0.0,0.0,0.0,0.0,0.0,0.0,0.0,0.0,0.0,0.0,0.0,0.0,0.0,0.0,0.0,0.0,0.0,0.0,0.0,0.0,0.0,0.0,0.0,0.0,0.0,0.0,0.0,0.0,0.0,0.0,0.0,0.0,0.0,0.0,0.0,0.0,0.0,0.0,0.0,0.0,0.0,0.0,0.0
Jordan,0,(7+/-4)e+04,(1.4+/-0.8)e+05,(2.0+/-1.2)e+05,(2.7+/-1.6)e+05,(3.4+/-2.0)e+05,(4.1+/-2.4)e+05,(4.7+/-2.8)e+05,(5.4+/-3.2)e+05,(6+/-4)e+05,(7+/-4)e+05,(7+/-4)e+05,(8+/-5)e+05,(9+/-5)e+05,(9+/-6)e+05,(1.0+/-0.6)e+06,(1.1+/-0.6)e+06,(1.2+/-0.7)e+06,(1.2+/-0.7)e+06,(1.3+/-0.8)e+06,(1.4+/-0.8)e+06,(1.4+/-0.8)e+06,(1.5+/-0.9)e+06,(1.6+/-0.9)e+06,(1.6+/-1.0)e+06,(1.7+/-1.0)e+06,(1.8+/-1.0)e+06,(1.8+/-1.1)e+06,(1.9+/-1.1)e+06,(2.0+/-1.2)e+06,(2.0+/-1.2)e+06,(2.1+/-1.2)e+06,(2.2+/-1.3)e+06,(2.2+/-1.3)e+06,(2.3+/-1.4)e+06,(2.4+/-1.4)e+06,(2.4+/-1.4)e+06,(2.5+/-1.5)e+06,(2.6+/-1.5)e+06,(2.6+/-1.6)e+06,(2.7+/-1.6)e+06,(2.8+/-1.6)e+06,(2.8+/-1.7)e+06,(2.9+/-1.7)e+06,(3.0+/-1.8)e+06,(3.1+/-1.8)e+06,(3.1+/-1.8)e+06,(3.2+/-1.9)e+06,(3.3+/-1.9)e+06,(3.3+/-2.0)e+06,(3.4+/-2.0)e+06,(3.5+/-2.0)e+06,(3.5+/-2.1)e+06
Japan,(4.3+/-2.5)e+08,(4.4+/-2.6)e+08,(4.5+/-2.7)e+08,(4.7+/-2.7)e+08,(4.8+/-2.8)e+08,(4.9+/-2.9)e+08,(5.0+/-2.9)e+08,(5.1+/-3.0)e+08,(5.2+/-3.1)e+08,(5.4+/-3.2)e+08,(5.5+/-3.2)e+08,(5.6+/-3.3)e+08,(5.7+/-3.4)e+08,(5.8+/-3.4)e+08,(5.9+/-3.5)e+08,(6+/-4)e+08,(6+/-4)e+08,(6+/-4)e+08,(6+/-4)e+08,(7+/-4)e+08,(7+/-4)e+08,(7+/-4)e+08,(7+/-4)e+08,(7+/-4)e+08,(7+/-4)e+08,(7+/-4)e+08,(7+/-4)e+08,(7+/-4)e+08,(8+/-4)e+08,(8+/-5)e+08,(8+/-5)e+08,(8+/-5)e+08,(8+/-5)e+08,(8+/-5)e+08,(8+/-5)e+08,(8+/-5)e+08,(9+/-5)e+08,(9+/-5)e+08,(9+/-5)e+08,(9+/-5)e+08,(9+/-5)e+08,(9+/-5)e+08,(9+/-5)e+08,(9+/-6)e+08,(9+/-6)e+08,(1.0+/-0.6)e+09,(1.0+/-0.6)e+09,(1.0+/-0.6)e+09,(1.0+/-0.6)e+09,(1.0+/-0.6)e+09,(1.0+/-0.6)e+09,(1.0+/-0.6)e+09,(1.0+/-0.6)e+09
Kazakhstan,0,0,0,0,0,(3.5+/-2.0)e+05,(7+/-4)e+05,(1.0+/-0.6)e+06,(1.4+/-0.8)e+06,(1.7+/-1.0)e+06,(2.1+/-1.2)e+06,(2.4+/-1.4)e+06,(2.8+/-1.6)e+06,(3.1+/-1.8)e+06,(3.5+/-2.0)e+06,(3.8+/-2.2)e+06,(4.2+/-2.4)e+06,(4.5+/-2.7)e+06,(4.8+/-2.9)e+06,(5.2+/-3.1)e+06,(5.5+/-3.3)e+06,(5.9+/-3.5)e+06,(6+/-4)e+06,(7+/-4)e+06,(7+/-4)e+06,(7+/-4)e+06,(8+/-4)e+06,(8+/-5)e+06,(8+/-5)e+06,(9+/-5)e+06,(9+/-5)e+06,(9+/-6)e+06,(1.0+/-0.6)e+07,(1.0+/-0.6)e+07,(1.0+/-0.6)e+07,(1.1+/-0.6)e+07,(1.1+/-0.7)e+07,(1.1+/-0.7)e+07,(1.2+/-0.7)e+07,(1.2+/-0.7)e+07,(1.2+/-0.7)e+07,(1.3+/-0.8)e+07,(1.3+/-0.8)e+07,(1.4+/-0.8)e+07,(1.4+/-0.8)e+07,(1.4+/-0.8)e+07,(1.5+/-0.9)e+07,(1.5+/-0.9)e+07,(1.5+/-0.9)e+07,(1.6+/-0.9)e+07,(1.6+/-0.9)e+07,(1.6+/-1.0)e+07,(1.7+/-1.0)e+07
Kenya,0.0,0.0,0.0,0.0,0.0,0.0,0.0,0.0,0.0,0.0,0.0,0.0,0.0,0.0,0.0,0.0,0.0,0.0,0.0,0.0,0.0,0.0,0.0,0.0,0.0,0.0,0.0,0.0,0.0,0.0,0.0,0.0,0.0,0.0,0.0,0.0,0.0,0.0,0.0,0.0,0.0,0.0,0.0,0.0,0.0,0.0,0.0,0.0,0.0,0.0,0.0,0.0,0.0
Kyrgyz Republic,0.0,0.0,0.0,0.0,0.0,0.0,0.0,0.0,0.0,0.0,0.0,0.0,0.0,0.0,0.0,0.0,0.0,0.0,0.0,0.0,0.0,0.0,0.0,0.0,0.0,0.0,0.0,0.0,0.0,0.0,0.0,0.0,0.0,0.0,0.0,0.0,0.0,0.0,0.0,0.0,0.0,0.0,0.0,0.0,0.0,0.0,0.0,0.0,0.0,0.0,0.0,0.0,0.0
Cambodia,0,(8+/-5)e+04,(1.6+/-0.9)e+05,(2.3+/-1.4)e+05,(3.1+/-1.8)e+05,(3.9+/-2.3)e+05,(4.7+/-2.7)e+05,(5.4+/-3.2)e+05,(6+/-4)e+05,(7+/-4)e+05,(8+/-5)e+05,(9+/-5)e+05,(9+/-5)e+05,(1.0+/-0.6)e+06,(1.1+/-0.6)e+06,(1.2+/-0.7)e+06,(1.2+/-0.7)e+06,(1.3+/-0.8)e+06,(1.4+/-0.8)e+06,(1.5+/-0.9)e+06,(1.6+/-0.9)e+06,(1.6+/-1.0)e+06,(1.7+/-1.0)e+06,(1.8+/-1.1)e+06,(1.9+/-1.1)e+06,(1.9+/-1.1)e+06,(2.0+/-1.2)e+06,(2.1+/-1.2)e+06,(2.2+/-1.3)e+06,(2.3+/-1.3)e+06,(2.3+/-1.4)e+06,(2.4+/-1.4)e+06,(2.5+/-1.5)e+06,(2.6+/-1.5)e+06,(2.6+/-1.6)e+06,(2.7+/-1.6)e+06,(2.8+/-1.6)e+06,(2.9+/-1.7)e+06,(3.0+/-1.7)e+06,(3.0+/-1.8)e+06,(3.1+/-1.8)e+06,(3.2+/-1.9)e+06,(3.3+/-1.9)e+06,(3.3+/-2.0)e+06,(3.4+/-2.0)e+06,(3.5+/-2.1)e+06,(3.6+/-2.1)e+06,(3.7+/-2.2)e+06,(3.7+/-2.2)e+06,(3.8+/-2.2)e+06,(3.9+/-2.3)e+06,(4.0+/-2.3)e+06,(4.0+/-2.4)e+06
Kiribati,0.0,0.0,0.0,0.0,0.0,0.0,0.0,0.0,0.0,0.0,0.0,0.0,0.0,0.0,0.0,0.0,0.0,0.0,0.0,0.0,0.0,0.0,0.0,0.0,0.0,0.0,0.0,0.0,0.0,0.0,0.0,0.0,0.0,0.0,0.0,0.0,0.0,0.0,0.0,0.0,0.0,0.0,0.0,0.0,0.0,0.0,0.0,0.0,0.0,0.0,0.0,0.0,0.0
St. Kitts and Nevis,0.0,0.0,0.0,0.0,0.0,0.0,0.0,0.0,0.0,0.0,0.0,0.0,0.0,0.0,0.0,0.0,0.0,0.0,0.0,0.0,0.0,0.0,0.0,0.0,0.0,0.0,0.0,0.0,0.0,0.0,0.0,0.0,0.0,0.0,0.0,0.0,0.0,0.0,0.0,0.0,0.0,0.0,0.0,0.0,0.0,0.0,0.0,0.0,0.0,0.0,0.0,0.0,0.0
South Korea,0,0,0,(5.2+/-3.1)e+06,(1.0+/-0.6)e+07,(1.6+/-0.9)e+07,(2.1+/-1.2)e+07,(2.6+/-1.5)e+07,(3.1+/-1.8)e+07,(3.6+/-2.1)e+07,(4.2+/-2.5)e+07,(4.7+/-2.8)e+07,(5.2+/-3.1)e+07,(5.7+/-3.4)e+07,(6+/-4)e+07,(7+/-4)e+07,(7+/-4)e+07,(8+/-5)e+07,(8+/-5)e+07,(9+/-5)e+07,(9+/-6)e+07,(1.0+/-0.6)e+08,(1.0+/-0.6)e+08,(1.1+/-0.6)e+08,(1.1+/-0.7)e+08,(1.2+/-0.7)e+08,(1.2+/-0.7)e+08,(1.3+/-0.8)e+08,(1.4+/-0.8)e+08,(1.4+/-0.8)e+08,(1.5+/-0.9)e+08,(1.5+/-0.9)e+08,(1.6+/-0.9)e+08,(1.6+/-1.0)e+08,(1.7+/-1.0)e+08,(1.7+/-1.0)e+08,(1.8+/-1.0)e+08,(1.8+/-1.1)e+08,(1.9+/-1.1)e+08,(1.9+/-1.1)e+08,(2.0+/-1.2)e+08,(2.0+/-1.2)e+08,(2.1+/-1.2)e+08,(2.1+/-1.3)e+08,(2.2+/-1.3)e+08,(2.2+/-1.3)e+08,(2.3+/-1.3)e+08,(2.3+/-1.4)e+08,(2.4+/-1.4)e+08,(2.4+/-1.4)e+08,(2.5+/-1.5)e+08,(2.6+/-1.5)e+08,(2.6+/-1.5)e+08
Kuwait,0,0,0,0,0,0,0,0,(1.1+/-0.6)e+05,(2.1+/-1.3)e+05,(3.2+/-1.9)e+05,(4.3+/-2.5)e+05,(5.4+/-3.2)e+05,(6+/-4)e+05,(7+/-4)e+05,(9+/-5)e+05,(1.0+/-0.6)e+06,(1.1+/-0.6)e+06,(1.2+/-0.7)e+06,(1.3+/-0.8)e+06,(1.4+/-0.8)e+06,(1.5+/-0.9)e+06,(1.6+/-0.9)e+06,(1.7+/-1.0)e+06,(1.8+/-1.1)e+06,(1.9+/-1.1)e+06,(2.0+/-1.2)e+06,(2.1+/-1.3)e+06,(2.2+/-1.3)e+06,(2.4+/-1.4)e+06,(2.5+/-1.4)e+06,(2.6+/-1.5)e+06,(2.7+/-1.6)e+06,(2.8+/-1.6)e+06,(2.9+/-1.7)e+06,(3.0+/-1.8)e+06,(3.1+/-1.8)e+06,(3.2+/-1.9)e+06,(3.3+/-2.0)e+06,(3.4+/-2.0)e+06,(3.5+/-2.1)e+06,(3.6+/-2.1)e+06,(3.7+/-2.2)e+06,(3.9+/-2.3)e+06,(4.0+/-2.3)e+06,(4.1+/-2.4)e+06,(4.2+/-2.5)e+06,(4.3+/-2.5)e+06,(4.4+/-2.6)e+06,(4.5+/-2.6)e+06,(4.6+/-2.7)e+06,(4.7+/-2.8)e+06,(4.8+/-2.8)e+06
Laos,0.0,0.0,0.0,0.0,0.0,0.0,0.0,0.0,0.0,0.0,0.0,0.0,0.0,0.0,0.0,0.0,0.0,0.0,0.0,0.0,0.0,0.0,0.0,0.0,0.0,0.0,0.0,0.0,0.0,0.0,0.0,0.0,0.0,0.0,0.0,0.0,0.0,0.0,0.0,0.0,0.0,0.0,0.0,0.0,0.0,0.0,0.0,0.0,0.0,0.0,0.0,0.0,0.0
Lebanon,0.0,0.0,0.0,0.0,0.0,0.0,0.0,0.0,0.0,0.0,0.0,0.0,0.0,0.0,0.0,0.0,0.0,0.0,0.0,0.0,0.0,0.0,0.0,0.0,0.0,0.0,0.0,0.0,0.0,0.0,0.0,0.0,0.0,0.0,0.0,0.0,0.0,0.0,0.0,0.0,0.0,0.0,0.0,0.0,0.0,0.0,0.0,0.0,0.0,0.0,0.0,0.0,0.0
Liberia,0.0,0.0,0.0,0.0,0.0,0.0,0.0,0.0,0.0,0.0,0.0,0.0,0.0,0.0,0.0,0.0,0.0,0.0,0.0,0.0,0.0,0.0,0.0,0.0,0.0,0.0,0.0,0.0,0.0,0.0,0.0,0.0,0.0,0.0,0.0,0.0,0.0,0.0,0.0,0.0,0.0,0.0,0.0,0.0,0.0,0.0,0.0,0.0,0.0,0.0,0.0,0.0,0.0
Libya,0.0,0.0,0.0,0.0,0.0,0.0,0.0,0.0,0.0,0.0,0.0,0.0,0.0,0.0,0.0,0.0,0.0,0.0,0.0,0.0,0.0,0.0,0.0,0.0,0.0,0.0,0.0,0.0,0.0,0.0,0.0,0.0,0.0,0.0,0.0,0.0,0.0,0.0,0.0,0.0,0.0,0.0,0.0,0.0,0.0,0.0,0.0,0.0,0.0,0.0,0.0,0.0,0.0
St. Lucia,0.0,0.0,0.0,0.0,0.0,0.0,0.0,0.0,0.0,0.0,0.0,0.0,0.0,0.0,0.0,0.0,0.0,0.0,0.0,0.0,0.0,0.0,0.0,0.0,0.0,0.0,0.0,0.0,0.0,0.0,0.0,0.0,0.0,0.0,0.0,0.0,0.0,0.0,0.0,0.0,0.0,0.0,0.0,0.0,0.0,0.0,0.0,0.0,0.0,0.0,0.0,0.0,0.0
Liechtenstein,0.0,0.0,0.0,0.0,0.0,0.0,0.0,0.0,0.0,0.0,0.0,0.0,0.0,0.0,0.0,0.0,0.0,0.0,0.0,0.0,0.0,0.0,0.0,0.0,0.0,0.0,0.0,0.0,0.0,0.0,0.0,0.0,0.0,0.0,0.0,0.0,0.0,0.0,0.0,0.0,0.0,0.0,0.0,0.0,0.0,0.0,0.0,0.0,0.0,0.0,0.0,0.0,0.0
Sri Lanka,0,0,0,0,0,0,(1.5+/-0.9)e+05,(3.0+/-1.8)e+05,(4.5+/-2.7)e+05,(6+/-4)e+05,(8+/-4)e+05,(9+/-5)e+05,(1.1+/-0.6)e+06,(1.2+/-0.7)e+06,(1.4+/-0.8)e+06,(1.5+/-0.9)e+06,(1.7+/-1.0)e+06,(1.8+/-1.1)e+06,(2.0+/-1.2)e+06,(2.1+/-1.2)e+06,(2.3+/-1.3)e+06,(2.4+/-1.4)e+06,(2.6+/-1.5)e+06,(2.7+/-1.6)e+06,(2.9+/-1.7)e+06,(3.0+/-1.8)e+06,(3.2+/-1.9)e+06,(3.3+/-2.0)e+06,(3.5+/-2.0)e+06,(3.6+/-2.1)e+06,(3.8+/-2.2)e+06,(3.9+/-2.3)e+06,(4.1+/-2.4)e+06,(4.2+/-2.5)e+06,(4.4+/-2.6)e+06,(4.5+/-2.7)e+06,(4.7+/-2.8)e+06,(4.8+/-2.8)e+06,(5.0+/-2.9)e+06,(5.1+/-3.0)e+06,(5.3+/-3.1)e+06,(5.4+/-3.2)e+06,(5.6+/-3.3)e+06,(5.7+/-3.4)e+06,(5.9+/-3.5)e+06,(6+/-4)e+06,(6+/-4)e+06,(6+/-4)e+06,(6+/-4)e+06,(7+/-4)e+06,(7+/-4)e+06,(7+/-4)e+06,(7+/-4)e+06
Lesotho,0.0,0.0,0.0,0.0,0.0,0.0,0.0,0.0,0.0,0.0,0.0,0.0,0.0,0.0,0.0,0.0,0.0,0.0,0.0,0.0,0.0,0.0,0.0,0.0,0.0,0.0,0.0,0.0,0.0,0.0,0.0,0.0,0.0,0.0,0.0,0.0,0.0,0.0,0.0,0.0,0.0,0.0,0.0,0.0,0.0,0.0,0.0,0.0,0.0,0.0,0.0,0.0,0.0
Lithuania,0,0,0,0,0,0,0,0,(1.0+/-0.6)e+05,(2.0+/-1.2)e+05,(3.0+/-1.8)e+05,(4.0+/-2.4)e+05,(5.1+/-3.0)e+05,(6+/-4)e+05,(7+/-4)e+05,(8+/-5)e+05,(9+/-5)e+05,(1.0+/-0.6)e+06,(1.1+/-0.7)e+06,(1.2+/-0.7)e+06,(1.3+/-0.8)e+06,(1.4+/-0.8)e+06,(1.5+/-0.9)e+06,(1.6+/-1.0)e+06,(1.7+/-1.0)e+06,(1.8+/-1.1)e+06,(1.9+/-1.1)e+06,(2.0+/-1.2)e+06,(2.1+/-1.2)e+06,(2.2+/-1.3)e+06,(2.3+/-1.4)e+06,(2.4+/-1.4)e+06,(2.5+/-1.5)e+06,(2.6+/-1.5)e+06,(2.7+/-1.6)e+06,(2.8+/-1.7)e+06,(2.9+/-1.7)e+06,(3.0+/-1.8)e+06,(3.1+/-1.8)e+06,(3.2+/-1.9)e+06,(3.3+/-2.0)e+06,(3.4+/-2.0)e+06,(3.5+/-2.1)e+06,(3.6+/-2.1)e+06,(3.7+/-2.2)e+06,(3.8+/-2.3)e+06,(3.9+/-2.3)e+06,(4.0+/-2.4)e+06,(4.1+/-2.4)e+06,(4.2+/-2.5)e+06,(4.3+/-2.6)e+06,(4.4+/-2.6)e+06,(4.5+/-2.7)e+06
Luxembourg,0.0,0.0,0.0,0.0,0.0,0.0,0.0,0.0,0.0,0.0,0.0,0.0,0.0,0.0,0.0,0.0,0.0,0.0,0.0,0.0,0.0,0.0,0.0,0.0,0.0,0.0,0.0,0.0,0.0,0.0,0.0,0.0,0.0,0.0,0.0,0.0,0.0,0.0,0.0,0.0,0.0,0.0,0.0,0.0,0.0,0.0,0.0,0.0,0.0,0.0,0.0,0.0,0.0
Latvia,0,0,0,0,(5.5+/-3.2)e+04,(1.1+/-0.6)e+05,(1.6+/-1.0)e+05,(2.2+/-1.3)e+05,(2.7+/-1.6)e+05,(3.3+/-1.9)e+05,(3.8+/-2.3)e+05,(4.4+/-2.6)e+05,(4.9+/-2.9)e+05,(5.5+/-3.2)e+05,(6.0+/-3.5)e+05,(7+/-4)e+05,(7+/-4)e+05,(8+/-5)e+05,(8+/-5)e+05,(9+/-5)e+05,(9+/-5)e+05,(1.0+/-0.6)e+06,(1.0+/-0.6)e+06,(1.1+/-0.6)e+06,(1.1+/-0.7)e+06,(1.2+/-0.7)e+06,(1.3+/-0.7)e+06,(1.3+/-0.8)e+06,(1.4+/-0.8)e+06,(1.4+/-0.8)e+06,(1.5+/-0.9)e+06,(1.5+/-0.9)e+06,(1.6+/-0.9)e+06,(1.6+/-1.0)e+06,(1.7+/-1.0)e+06,(1.8+/-1.0)e+06,(1.8+/-1.1)e+06,(1.9+/-1.1)e+06,(1.9+/-1.1)e+06,(2.0+/-1.2)e+06,(2.0+/-1.2)e+06,(2.1+/-1.2)e+06,(2.1+/-1.3)e+06,(2.2+/-1.3)e+06,(2.2+/-1.3)e+06,(2.3+/-1.4)e+06,(2.4+/-1.4)e+06,(2.4+/-1.4)e+06,(2.5+/-1.5)e+06,(2.5+/-1.5)e+06,(2.6+/-1.5)e+06,(2.6+/-1.5)e+06,(2.7+/-1.6)e+06
Macau,0.0,0.0,0.0,0.0,0.0,0.0,0.0,0.0,0.0,0.0,0.0,0.0,0.0,0.0,0.0,0.0,0.0,0.0,0.0,0.0,0.0,0.0,0.0,0.0,0.0,0.0,0.0,0.0,0.0,0.0,0.0,0.0,0.0,0.0,0.0,0.0,0.0,0.0,0.0,0.0,0.0,0.0,0.0,0.0,0.0,0.0,0.0,0.0,0.0,0.0,0.0,0.0,0.0
Saint-Martin,0.0,0.0,0.0,0.0,0.0,0.0,0.0,0.0,0.0,0.0,0.0,0.0,0.0,0.0,0.0,0.0,0.0,0.0,0.0,0.0,0.0,0.0,0.0,0.0,0.0,0.0,0.0,0.0,0.0,0.0,0.0,0.0,0.0,0.0,0.0,0.0,0.0,0.0,0.0,0.0,0.0,0.0,0.0,0.0,0.0,0.0,0.0,0.0,0.0,0.0,0.0,0.0,0.0
Morocco,0,0,0,0,0,0,0,0,(1.8+/-1.1)e+05,(3.7+/-2.2)e+05,(5.5+/-3.3)e+05,(7+/-4)e+05,(9+/-5)e+05,(1.1+/-0.7)e+06,(1.3+/-0.8)e+06,(1.5+/-0.9)e+06,(1.7+/-1.0)e+06,(1.8+/-1.1)e+06,(2.0+/-1.2)e+06,(2.2+/-1.3)e+06,(2.4+/-1.4)e+06,(2.6+/-1.5)e+06,(2.8+/-1.6)e+06,(3.0+/-1.7)e+06,(3.1+/-1.8)e+06,(3.3+/-2.0)e+06,(3.5+/-2.1)e+06,(3.7+/-2.2)e+06,(3.9+/-2.3)e+06,(4.1+/-2.4)e+06,(4.2+/-2.5)e+06,(4.4+/-2.6)e+06,(4.6+/-2.7)e+06,(4.8+/-2.8)e+06,(5.0+/-2.9)e+06,(5.2+/-3.0)e+06,(5.4+/-3.2)e+06,(5.5+/-3.3)e+06,(5.7+/-3.4)e+06,(5.9+/-3.5)e+06,(6+/-4)e+06,(6+/-4)e+06,(6+/-4)e+06,(7+/-4)e+06,(7+/-4)e+06,(7+/-4)e+06,(7+/-4)e+06,(7+/-4)e+06,(8+/-4)e+06,(8+/-5)e+06,(8+/-5)e+06,(8+/-5)e+06,(8+/-5)e+06
Monaco,0.0,0.0,0.0,0.0,0.0,0.0,0.0,0.0,0.0,0.0,0.0,0.0,0.0,0.0,0.0,0.0,0.0,0.0,0.0,0.0,0.0,0.0,0.0,0.0,0.0,0.0,0.0,0.0,0.0,0.0,0.0,0.0,0.0,0.0,0.0,0.0,0.0,0.0,0.0,0.0,0.0,0.0,0.0,0.0,0.0,0.0,0.0,0.0,0.0,0.0,0.0,0.0,0.0
Moldova,0.0,0.0,0.0,0.0,0.0,0.0,0.0,0.0,0.0,0.0,0.0,0.0,0.0,0.0,0.0,0.0,0.0,0.0,0.0,0.0,0.0,0.0,0.0,0.0,0.0,0.0,0.0,0.0,0.0,0.0,0.0,0.0,0.0,0.0,0.0,0.0,0.0,0.0,0.0,0.0,0.0,0.0,0.0,0.0,0.0,0.0,0.0,0.0,0.0,0.0,0.0,0.0,0.0
Madagascar,0.0,0.0,0.0,0.0,0.0,0.0,0.0,0.0,0.0,0.0,0.0,0.0,0.0,0.0,0.0,0.0,0.0,0.0,0.0,0.0,0.0,0.0,0.0,0.0,0.0,0.0,0.0,0.0,0.0,0.0,0.0,0.0,0.0,0.0,0.0,0.0,0.0,0.0,0.0,0.0,0.0,0.0,0.0,0.0,0.0,0.0,0.0,0.0,0.0,0.0,0.0,0.0,0.0
Maldives,0.0,0.0,0.0,0.0,0.0,0.0,0.0,0.0,0.0,0.0,0.0,0.0,0.0,0.0,0.0,0.0,0.0,0.0,0.0,0.0,0.0,0.0,0.0,0.0,0.0,0.0,0.0,0.0,0.0,0.0,0.0,0.0,0.0,0.0,0.0,0.0,0.0,0.0,0.0,0.0,0.0,0.0,0.0,0.0,0.0,0.0,0.0,0.0,0.0,0.0,0.0,0.0,0.0
Mexico,0,0,0,0,(4.1+/-2.4)e+06,(8+/-5)e+06,(1.2+/-0.7)e+07,(1.6+/-1.0)e+07,(2.0+/-1.2)e+07,(2.5+/-1.4)e+07,(2.9+/-1.7)e+07,(3.3+/-1.9)e+07,(3.7+/-2.2)e+07,(4.1+/-2.4)e+07,(4.5+/-2.6)e+07,(4.9+/-2.9)e+07,(5.3+/-3.1)e+07,(5.7+/-3.4)e+07,(6+/-4)e+07,(7+/-4)e+07,(7+/-4)e+07,(7+/-4)e+07,(8+/-5)e+07,(8+/-5)e+07,(9+/-5)e+07,(9+/-5)e+07,(9+/-6)e+07,(1.0+/-0.6)e+08,(1.0+/-0.6)e+08,(1.1+/-0.6)e+08,(1.1+/-0.6)e+08,(1.1+/-0.7)e+08,(1.2+/-0.7)e+08,(1.2+/-0.7)e+08,(1.3+/-0.7)e+08,(1.3+/-0.8)e+08,(1.3+/-0.8)e+08,(1.4+/-0.8)e+08,(1.4+/-0.8)e+08,(1.5+/-0.9)e+08,(1.5+/-0.9)e+08,(1.6+/-0.9)e+08,(1.6+/-0.9)e+08,(1.6+/-1.0)e+08,(1.7+/-1.0)e+08,(1.7+/-1.0)e+08,(1.8+/-1.0)e+08,(1.8+/-1.1)e+08,(1.8+/-1.1)e+08,(1.9+/-1.1)e+08,(1.9+/-1.1)e+08,(2.0+/-1.2)e+08,(2.0+/-1.2)e+08
Marshall Islands,0.0,0.0,0.0,0.0,0.0,0.0,0.0,0.0,0.0,0.0,0.0,0.0,0.0,0.0,0.0,0.0,0.0,0.0,0.0,0.0,0.0,0.0,0.0,0.0,0.0,0.0,0.0,0.0,0.0,0.0,0.0,0.0,0.0,0.0,0.0,0.0,0.0,0.0,0.0,0.0,0.0,0.0,0.0,0.0,0.0,0.0,0.0,0.0,0.0,0.0,0.0,0.0,0.0
North Macedonia,0.0,0.0,0.0,0.0,0.0,0.0,0.0,0.0,0.0,0.0,0.0,0.0,0.0,0.0,0.0,0.0,0.0,0.0,0.0,0.0,0.0,0.0,0.0,0.0,0.0,0.0,0.0,0.0,0.0,0.0,0.0,0.0,0.0,0.0,0.0,0.0,0.0,0.0,0.0,0.0,0.0,0.0,0.0,0.0,0.0,0.0,0.0,0.0,0.0,0.0,0.0,0.0,0.0
Mali,0.0,0.0,0.0,0.0,0.0,0.0,0.0,0.0,0.0,0.0,0.0,0.0,0.0,0.0,0.0,0.0,0.0,0.0,0.0,0.0,0.0,0.0,0.0,0.0,0.0,0.0,0.0,0.0,0.0,0.0,0.0,0.0,0.0,0.0,0.0,0.0,0.0,0.0,0.0,0.0,0.0,0.0,0.0,0.0,0.0,0.0,0.0,0.0,0.0,0.0,0.0,0.0,0.0
Malta,0.0,0.0,0.0,0.0,0.0,0.0,0.0,0.0,0.0,0.0,0.0,0.0,0.0,0.0,0.0,0.0,0.0,0.0,0.0,0.0,0.0,0.0,0.0,0.0,0.0,0.0,0.0,0.0,0.0,0.0,0.0,0.0,0.0,0.0,0.0,0.0,0.0,0.0,0.0,0.0,0.0,0.0,0.0,0.0,0.0,0.0,0.0,0.0,0.0,0.0,0.0,0.0,0.0
Myanmar,0,0,0,0,0,0,0,(1.3+/-0.8)e+05,(2.7+/-1.6)e+05,(4.0+/-2.4)e+05,(5.4+/-3.2)e+05,(7+/-4)e+05,(8+/-5)e+05,(9+/-6)e+05,(1.1+/-0.6)e+06,(1.2+/-0.7)e+06,(1.3+/-0.8)e+06,(1.5+/-0.9)e+06,(1.6+/-1.0)e+06,(1.8+/-1.0)e+06,(1.9+/-1.1)e+06,(2.0+/-1.2)e+06,(2.2+/-1.3)e+06,(2.3+/-1.3)e+06,(2.4+/-1.4)e+06,(2.6+/-1.5)e+06,(2.7+/-1.6)e+06,(2.8+/-1.7)e+06,(3.0+/-1.7)e+06,(3.1+/-1.8)e+06,(3.2+/-1.9)e+06,(3.4+/-2.0)e+06,(3.5+/-2.1)e+06,(3.6+/-2.1)e+06,(3.8+/-2.2)e+06,(3.9+/-2.3)e+06,(4.0+/-2.4)e+06,(4.2+/-2.5)e+06,(4.3+/-2.5)e+06,(4.4+/-2.6)e+06,(4.6+/-2.7)e+06,(4.7+/-2.8)e+06,(4.9+/-2.9)e+06,(5.0+/-2.9)e+06,(5.1+/-3.0)e+06,(5.3+/-3.1)e+06,(5.4+/-3.2)e+06,(5.5+/-3.3)e+06,(5.7+/-3.3)e+06,(5.8+/-3.4)e+06,(5.9+/-3.5)e+06,(6+/-4)e+06,(6+/-4)e+06
Montenegro,0.0,0.0,0.0,0.0,0.0,0.0,0.0,0.0,0.0,0.0,0.0,0.0,0.0,0.0,0.0,0.0,0.0,0.0,0.0,0.0,0.0,0.0,0.0,0.0,0.0,0.0,0.0,0.0,0.0,0.0,0.0,0.0,0.0,0.0,0.0,0.0,0.0,0.0,0.0,0.0,0.0,0.0,0.0,0.0,0.0,0.0,0.0,0.0,0.0,0.0,0.0,0.0,0.0
Mongolia,0.0,0.0,0.0,0.0,0.0,0.0,0.0,0.0,0.0,0.0,0.0,0.0,0.0,0.0,0.0,0.0,0.0,0.0,0.0,0.0,0.0,0.0,0.0,0.0,0.0,0.0,0.0,0.0,0.0,0.0,0.0,0.0,0.0,0.0,0.0,0.0,0.0,0.0,0.0,0.0,0.0,0.0,0.0,0.0,0.0,0.0,0.0,0.0,0.0,0.0,0.0,0.0,0.0
Northern Mariana Islands,0.0,0.0,0.0,0.0,0.0,0.0,0.0,0.0,0.0,0.0,0.0,0.0,0.0,0.0,0.0,0.0,0.0,0.0,0.0,0.0,0.0,0.0,0.0,0.0,0.0,0.0,0.0,0.0,0.0,0.0,0.0,0.0,0.0,0.0,0.0,0.0,0.0,0.0,0.0,0.0,0.0,0.0,0.0,0.0,0.0,0.0,0.0,0.0,0.0,0.0,0.0,0.0,0.0
Mozambique,0.0,0.0,0.0,0.0,0.0,0.0,0.0,0.0,0.0,0.0,0.0,0.0,0.0,0.0,0.0,0.0,0.0,0.0,0.0,0.0,0.0,0.0,0.0,0.0,0.0,0.0,0.0,0.0,0.0,0.0,0.0,0.0,0.0,0.0,0.0,0.0,0.0,0.0,0.0,0.0,0.0,0.0,0.0,0.0,0.0,0.0,0.0,0.0,0.0,0.0,0.0,0.0,0.0
Mauritania,0.0,0.0,0.0,0.0,0.0,0.0,0.0,0.0,0.0,0.0,0.0,0.0,0.0,0.0,0.0,0.0,0.0,0.0,0.0,0.0,0.0,0.0,0.0,0.0,0.0,0.0,0.0,0.0,0.0,0.0,0.0,0.0,0.0,0.0,0.0,0.0,0.0,0.0,0.0,0.0,0.0,0.0,0.0,0.0,0.0,0.0,0.0,0.0,0.0,0.0,0.0,0.0,0.0
Mauritius,0.0,0.0,0.0,0.0,0.0,0.0,0.0,0.0,0.0,0.0,0.0,0.0,0.0,0.0,0.0,0.0,0.0,0.0,0.0,0.0,0.0,0.0,0.0,0.0,0.0,0.0,0.0,0.0,0.0,0.0,0.0,0.0,0.0,0.0,0.0,0.0,0.0,0.0,0.0,0.0,0.0,0.0,0.0,0.0,0.0,0.0,0.0,0.0,0.0,0.0,0.0,0.0,0.0
Malawi,0.0,0.0,0.0,0.0,0.0,0.0,0.0,0.0,0.0,0.0,0.0,0.0,0.0,0.0,0.0,0.0,0.0,0.0,0.0,0.0,0.0,0.0,0.0,0.0,0.0,0.0,0.0,0.0,0.0,0.0,0.0,0.0,0.0,0.0,0.0,0.0,0.0,0.0,0.0,0.0,0.0,0.0,0.0,0.0,0.0,0.0,0.0,0.0,0.0,0.0,0.0,0.0,0.0
Malaysia,0,0,0,(1.2+/-0.7)e+06,(2.3+/-1.4)e+06,(3.5+/-2.0)e+06,(4.6+/-2.7)e+06,(5.8+/-3.4)e+06,(7+/-4)e+06,(8+/-5)e+06,(9+/-5)e+06,(1.0+/-0.6)e+07,(1.2+/-0.7)e+07,(1.3+/-0.7)e+07,(1.4+/-0.8)e+07,(1.5+/-0.9)e+07,(1.6+/-1.0)e+07,(1.7+/-1.0)e+07,(1.9+/-1.1)e+07,(2.0+/-1.2)e+07,(2.1+/-1.2)e+07,(2.2+/-1.3)e+07,(2.3+/-1.4)e+07,(2.4+/-1.4)e+07,(2.5+/-1.5)e+07,(2.7+/-1.6)e+07,(2.8+/-1.6)e+07,(2.9+/-1.7)e+07,(3.0+/-1.8)e+07,(3.1+/-1.8)e+07,(3.2+/-1.9)e+07,(3.4+/-2.0)e+07,(3.5+/-2.0)e+07,(3.6+/-2.1)e+07,(3.7+/-2.2)e+07,(3.8+/-2.2)e+07,(3.9+/-2.3)e+07,(4.0+/-2.4)e+07,(4.2+/-2.5)e+07,(4.3+/-2.5)e+07,(4.4+/-2.6)e+07,(4.5+/-2.7)e+07,(4.6+/-2.7)e+07,(4.7+/-2.8)e+07,(4.9+/-2.9)e+07,(5.0+/-2.9)e+07,(5.1+/-3.0)e+07,(5.2+/-3.1)e+07,(5.3+/-3.1)e+07,(5.4+/-3.2)e+07,(5.6+/-3.3)e+07,(5.7+/-3.3)e+07,(5.8+/-3.4)e+07
Namibia,0.0,0.0,0.0,0.0,0.0,0.0,0.0,0.0,0.0,0.0,0.0,0.0,0.0,0.0,0.0,0.0,0.0,0.0,0.0,0.0,0.0,0.0,0.0,0.0,0.0,0.0,0.0,0.0,0.0,0.0,0.0,0.0,0.0,0.0,0.0,0.0,0.0,0.0,0.0,0.0,0.0,0.0,0.0,0.0,0.0,0.0,0.0,0.0,0.0,0.0,0.0,0.0,0.0
New Caledonia,0.0,0.0,0.0,0.0,0.0,0.0,0.0,0.0,0.0,0.0,0.0,0.0,0.0,0.0,0.0,0.0,0.0,0.0,0.0,0.0,0.0,0.0,0.0,0.0,0.0,0.0,0.0,0.0,0.0,0.0,0.0,0.0,0.0,0.0,0.0,0.0,0.0,0.0,0.0,0.0,0.0,0.0,0.0,0.0,0.0,0.0,0.0,0.0,0.0,0.0,0.0,0.0,0.0
Niger,0.0,0.0,0.0,0.0,0.0,0.0,0.0,0.0,0.0,0.0,0.0,0.0,0.0,0.0,0.0,0.0,0.0,0.0,0.0,0.0,0.0,0.0,0.0,0.0,0.0,0.0,0.0,0.0,0.0,0.0,0.0,0.0,0.0,0.0,0.0,0.0,0.0,0.0,0.0,0.0,0.0,0.0,0.0,0.0,0.0,0.0,0.0,0.0,0.0,0.0,0.0,0.0,0.0
Nigeria,0,(4.3+/-2.6)e+05,(9+/-5)e+05,(1.3+/-0.8)e+06,(1.7+/-1.0)e+06,(2.2+/-1.3)e+06,(2.6+/-1.5)e+06,(3.0+/-1.8)e+06,(3.5+/-2.0)e+06,(3.9+/-2.3)e+06,(4.3+/-2.6)e+06,(4.8+/-2.8)e+06,(5.2+/-3.1)e+06,(5.6+/-3.3)e+06,(6+/-4)e+06,(7+/-4)e+06,(7+/-4)e+06,(7+/-4)e+06,(8+/-5)e+06,(8+/-5)e+06,(9+/-5)e+06,(9+/-5)e+06,(1.0+/-0.6)e+07,(1.0+/-0.6)e+07,(1.0+/-0.6)e+07,(1.1+/-0.6)e+07,(1.1+/-0.7)e+07,(1.2+/-0.7)e+07,(1.2+/-0.7)e+07,(1.3+/-0.7)e+07,(1.3+/-0.8)e+07,(1.3+/-0.8)e+07,(1.4+/-0.8)e+07,(1.4+/-0.8)e+07,(1.5+/-0.9)e+07,(1.5+/-0.9)e+07,(1.6+/-0.9)e+07,(1.6+/-0.9)e+07,(1.6+/-1.0)e+07,(1.7+/-1.0)e+07,(1.7+/-1.0)e+07,(1.8+/-1.0)e+07,(1.8+/-1.1)e+07,(1.9+/-1.1)e+07,(1.9+/-1.1)e+07,(2.0+/-1.1)e+07,(2.0+/-1.2)e+07,(2.0+/-1.2)e+07,(2.1+/-1.2)e+07,(2.1+/-1.3)e+07,(2.2+/-1.3)e+07,(2.2+/-1.3)e+07,(2.3+/-1.3)e+07
Nicaragua,0.0,0.0,0.0,0.0,0.0,0.0,0.0,0.0,0.0,0.0,0.0,0.0,0.0,0.0,0.0,0.0,0.0,0.0,0.0,0.0,0.0,0.0,0.0,0.0,0.0,0.0,0.0,0.0,0.0,0.0,0.0,0.0,0.0,0.0,0.0,0.0,0.0,0.0,0.0,0.0,0.0,0.0,0.0,0.0,0.0,0.0,0.0,0.0,0.0,0.0,0.0,0.0,0.0
Netherlands,0,0,(1.7+/-1.0)e+06,(3.3+/-1.9)e+06,(5.0+/-2.9)e+06,(7+/-4)e+06,(8+/-5)e+06,(1.0+/-0.6)e+07,(1.2+/-0.7)e+07,(1.3+/-0.8)e+07,(1.5+/-0.9)e+07,(1.7+/-1.0)e+07,(1.8+/-1.1)e+07,(2.0+/-1.2)e+07,(2.2+/-1.3)e+07,(2.3+/-1.4)e+07,(2.5+/-1.5)e+07,(2.6+/-1.6)e+07,(2.8+/-1.7)e+07,(3.0+/-1.8)e+07,(3.1+/-1.9)e+07,(3.3+/-1.9)e+07,(3.5+/-2.0)e+07,(3.6+/-2.1)e+07,(3.8+/-2.2)e+07,(4.0+/-2.3)e+07,(4.1+/-2.4)e+07,(4.3+/-2.5)e+07,(4.5+/-2.6)e+07,(4.6+/-2.7)e+07,(4.8+/-2.8)e+07,(5.0+/-2.9)e+07,(5.1+/-3.0)e+07,(5.3+/-3.1)e+07,(5.5+/-3.2)e+07,(5.6+/-3.3)e+07,(5.8+/-3.4)e+07,(6.0+/-3.5)e+07,(6+/-4)e+07,(6+/-4)e+07,(6+/-4)e+07,(7+/-4)e+07,(7+/-4)e+07,(7+/-4)e+07,(7+/-4)e+07,(7+/-4)e+07,(7+/-4)e+07,(8+/-4)e+07,(8+/-5)e+07,(8+/-5)e+07,(8+/-5)e+07,(8+/-5)e+07,(8+/-5)e+07
Norway,0,(2.4+/-1.4)e+05,(4.8+/-2.8)e+05,(7+/-4)e+05,(1.0+/-0.6)e+06,(1.2+/-0.7)e+06,(1.4+/-0.8)e+06,(1.7+/-1.0)e+06,(1.9+/-1.1)e+06,(2.2+/-1.3)e+06,(2.4+/-1.4)e+06,(2.6+/-1.6)e+06,(2.9+/-1.7)e+06,(3.1+/-1.8)e+06,(3.4+/-2.0)e+06,(3.6+/-2.1)e+06,(3.8+/-2.3)e+06,(4.1+/-2.4)e+06,(4.3+/-2.5)e+06,(4.6+/-2.7)e+06,(4.8+/-2.8)e+06,(5.0+/-3.0)e+06,(5.3+/-3.1)e+06,(5.5+/-3.2)e+06,(5.8+/-3.4)e+06,(6.0+/-3.5)e+06,(6+/-4)e+06,(6+/-4)e+06,(7+/-4)e+06,(7+/-4)e+06,(7+/-4)e+06,(7+/-4)e+06,(8+/-5)e+06,(8+/-5)e+06,(8+/-5)e+06,(8+/-5)e+06,(9+/-5)e+06,(9+/-5)e+06,(9+/-5)e+06,(9+/-6)e+06,(1.0+/-0.6)e+07,(1.0+/-0.6)e+07,(1.0+/-0.6)e+07,(1.0+/-0.6)e+07,(1.1+/-0.6)e+07,(1.1+/-0.6)e+07,(1.1+/-0.6)e+07,(1.1+/-0.7)e+07,(1.2+/-0.7)e+07,(1.2+/-0.7)e+07,(1.2+/-0.7)e+07,(1.2+/-0.7)e+07,(1.2+/-0.7)e+07
Nepal,0.0,0.0,0.0,0.0,0.0,0.0,0.0,0.0,0.0,0.0,0.0,0.0,0.0,0.0,0.0,0.0,0.0,0.0,0.0,0.0,0.0,0.0,0.0,0.0,0.0,0.0,0.0,0.0,0.0,0.0,0.0,0.0,0.0,0.0,0.0,0.0,0.0,0.0,0.0,0.0,0.0,0.0,0.0,0.0,0.0,0.0,0.0,0.0,0.0,0.0,0.0,0.0,0.0
Nauru,0.0,0.0,0.0,0.0,0.0,0.0,0.0,0.0,0.0,0.0,0.0,0.0,0.0,0.0,0.0,0.0,0.0,0.0,0.0,0.0,0.0,0.0,0.0,0.0,0.0,0.0,0.0,0.0,0.0,0.0,0.0,0.0,0.0,0.0,0.0,0.0,0.0,0.0,0.0,0.0,0.0,0.0,0.0,0.0,0.0,0.0,0.0,0.0,0.0,0.0,0.0,0.0,0.0
New Zealand,0,0,0,0,0,(2.5+/-1.5)e+05,(4.9+/-2.9)e+05,(7+/-4)e+05,(1.0+/-0.6)e+06,(1.2+/-0.7)e+06,(1.5+/-0.9)e+06,(1.7+/-1.0)e+06,(2.0+/-1.2)e+06,(2.2+/-1.3)e+06,(2.5+/-1.5)e+06,(2.7+/-1.6)e+06,(3.0+/-1.7)e+06,(3.2+/-1.9)e+06,(3.5+/-2.0)e+06,(3.7+/-2.2)e+06,(4.0+/-2.3)e+06,(4.2+/-2.5)e+06,(4.4+/-2.6)e+06,(4.7+/-2.8)e+06,(4.9+/-2.9)e+06,(5.2+/-3.1)e+06,(5.4+/-3.2)e+06,(5.7+/-3.3)e+06,(5.9+/-3.5)e+06,(6+/-4)e+06,(6+/-4)e+06,(7+/-4)e+06,(7+/-4)e+06,(7+/-4)e+06,(7+/-4)e+06,(8+/-5)e+06,(8+/-5)e+06,(8+/-5)e+06,(8+/-5)e+06,(9+/-5)e+06,(9+/-5)e+06,(9+/-5)e+06,(9+/-6)e+06,(1.0+/-0.6)e+07,(1.0+/-0.6)e+07,(1.0+/-0.6)e+07,(1.0+/-0.6)e+07,(1.1+/-0.6)e+07,(1.1+/-0.6)e+07,(1.1+/-0.7)e+07,(1.1+/-0.7)e+07,(1.2+/-0.7)e+07,(1.2+/-0.7)e+07
Oman,0,(4.0+/-2.4)e+04,(8+/-5)e+04,(1.2+/-0.7)e+05,(1.6+/-0.9)e+05,(2.0+/-1.2)e+05,(2.4+/-1.4)e+05,(2.8+/-1.7)e+05,(3.2+/-1.9)e+05,(3.6+/-2.1)e+05,(4.0+/-2.4)e+05,(4.4+/-2.6)e+05,(4.8+/-2.8)e+05,(5.2+/-3.1)e+05,(5.6+/-3.3)e+05,(6.0+/-3.5)e+05,(6+/-4)e+05,(7+/-4)e+05,(7+/-4)e+05,(8+/-4)e+05,(8+/-5)e+05,(8+/-5)e+05,(9+/-5)e+05,(9+/-5)e+05,(1.0+/-0.6)e+06,(1.0+/-0.6)e+06,(1.0+/-0.6)e+06,(1.1+/-0.6)e+06,(1.1+/-0.7)e+06,(1.2+/-0.7)e+06,(1.2+/-0.7)e+06,(1.2+/-0.7)e+06,(1.3+/-0.8)e+06,(1.3+/-0.8)e+06,(1.4+/-0.8)e+06,(1.4+/-0.8)e+06,(1.4+/-0.9)e+06,(1.5+/-0.9)e+06,(1.5+/-0.9)e+06,(1.6+/-0.9)e+06,(1.6+/-0.9)e+06,(1.6+/-1.0)e+06,(1.7+/-1.0)e+06,(1.7+/-1.0)e+06,(1.8+/-1.0)e+06,(1.8+/-1.1)e+06,(1.8+/-1.1)e+06,(1.9+/-1.1)e+06,(1.9+/-1.1)e+06,(2.0+/-1.2)e+06,(2.0+/-1.2)e+06,(2.0+/-1.2)e+06,(2.1+/-1.2)e+06
Pakistan,0,0,0,0,0,(4.9+/-2.9)e+05,(1.0+/-0.6)e+06,(1.5+/-0.9)e+06,(1.9+/-1.1)e+06,(2.4+/-1.4)e+06,(2.9+/-1.7)e+06,(3.4+/-2.0)e+06,(3.9+/-2.3)e+06,(4.4+/-2.6)e+06,(4.9+/-2.9)e+06,(5.3+/-3.1)e+06,(5.8+/-3.4)e+06,(6+/-4)e+06,(7+/-4)e+06,(7+/-4)e+06,(8+/-5)e+06,(8+/-5)e+06,(9+/-5)e+06,(9+/-5)e+06,(1.0+/-0.6)e+07,(1.0+/-0.6)e+07,(1.1+/-0.6)e+07,(1.1+/-0.7)e+07,(1.2+/-0.7)e+07,(1.2+/-0.7)e+07,(1.3+/-0.7)e+07,(1.3+/-0.8)e+07,(1.4+/-0.8)e+07,(1.4+/-0.8)e+07,(1.5+/-0.9)e+07,(1.5+/-0.9)e+07,(1.6+/-0.9)e+07,(1.6+/-0.9)e+07,(1.7+/-1.0)e+07,(1.7+/-1.0)e+07,(1.7+/-1.0)e+07,(1.8+/-1.1)e+07,(1.8+/-1.1)e+07,(1.9+/-1.1)e+07,(1.9+/-1.1)e+07,(2.0+/-1.2)e+07,(2.0+/-1.2)e+07,(2.1+/-1.2)e+07,(2.1+/-1.3)e+07,(2.2+/-1.3)e+07,(2.2+/-1.3)e+07,(2.3+/-1.3)e+07,(2.3+/-1.4)e+07
Panama,0,0,0,0,0,0,0,(3.8+/-2.3)e+04,(8+/-5)e+04,(1.1+/-0.7)e+05,(1.5+/-0.9)e+05,(1.9+/-1.1)e+05,(2.3+/-1.4)e+05,(2.7+/-1.6)e+05,(3.1+/-1.8)e+05,(3.4+/-2.0)e+05,(3.8+/-2.3)e+05,(4.2+/-2.5)e+05,(4.6+/-2.7)e+05,(5.0+/-2.9)e+05,(5.4+/-3.2)e+05,(5.7+/-3.4)e+05,(6+/-4)e+05,(7+/-4)e+05,(7+/-4)e+05,(7+/-4)e+05,(8+/-5)e+05,(8+/-5)e+05,(8+/-5)e+05,(9+/-5)e+05,(9+/-5)e+05,(1.0+/-0.6)e+06,(1.0+/-0.6)e+06,(1.0+/-0.6)e+06,(1.1+/-0.6)e+06,(1.1+/-0.7)e+06,(1.1+/-0.7)e+06,(1.2+/-0.7)e+06,(1.2+/-0.7)e+06,(1.3+/-0.7)e+06,(1.3+/-0.8)e+06,(1.3+/-0.8)e+06,(1.4+/-0.8)e+06,(1.4+/-0.8)e+06,(1.5+/-0.9)e+06,(1.5+/-0.9)e+06,(1.5+/-0.9)e+06,(1.6+/-0.9)e+06,(1.6+/-0.9)e+06,(1.6+/-1.0)e+06,(1.7+/-1.0)e+06,(1.7+/-1.0)e+06,(1.8+/-1.0)e+06
Peru,0,0,0,0,0,0,(3.4+/-2.0)e+05,(7+/-4)e+05,(1.0+/-0.6)e+06,(1.4+/-0.8)e+06,(1.7+/-1.0)e+06,(2.0+/-1.2)e+06,(2.4+/-1.4)e+06,(2.7+/-1.6)e+06,(3.0+/-1.8)e+06,(3.4+/-2.0)e+06,(3.7+/-2.2)e+06,(4.1+/-2.4)e+06,(4.4+/-2.6)e+06,(4.7+/-2.8)e+06,(5.1+/-3.0)e+06,(5.4+/-3.2)e+06,(5.8+/-3.4)e+06,(6+/-4)e+06,(6+/-4)e+06,(7+/-4)e+06,(7+/-4)e+06,(7+/-4)e+06,(8+/-5)e+06,(8+/-5)e+06,(8+/-5)e+06,(9+/-5)e+06,(9+/-5)e+06,(9+/-6)e+06,(1.0+/-0.6)e+07,(1.0+/-0.6)e+07,(1.1+/-0.6)e+07,(1.1+/-0.6)e+07,(1.1+/-0.7)e+07,(1.2+/-0.7)e+07,(1.2+/-0.7)e+07,(1.2+/-0.7)e+07,(1.3+/-0.7)e+07,(1.3+/-0.8)e+07,(1.3+/-0.8)e+07,(1.4+/-0.8)e+07,(1.4+/-0.8)e+07,(1.4+/-0.8)e+07,(1.5+/-0.9)e+07,(1.5+/-0.9)e+07,(1.5+/-0.9)e+07,(1.6+/-0.9)e+07,(1.6+/-0.9)e+07
Philippines,0,0,0,0,0,(7+/-4)e+05,(1.5+/-0.9)e+06,(2.2+/-1.3)e+06,(3.0+/-1.8)e+06,(3.7+/-2.2)e+06,(4.5+/-2.6)e+06,(5.2+/-3.1)e+06,(6.0+/-3.5)e+06,(7+/-4)e+06,(7+/-4)e+06,(8+/-5)e+06,(9+/-5)e+06,(1.0+/-0.6)e+07,(1.0+/-0.6)e+07,(1.1+/-0.7)e+07,(1.2+/-0.7)e+07,(1.3+/-0.8)e+07,(1.3+/-0.8)e+07,(1.4+/-0.8)e+07,(1.5+/-0.9)e+07,(1.6+/-0.9)e+07,(1.6+/-1.0)e+07,(1.7+/-1.0)e+07,(1.8+/-1.1)e+07,(1.9+/-1.1)e+07,(1.9+/-1.1)e+07,(2.0+/-1.2)e+07,(2.1+/-1.2)e+07,(2.2+/-1.3)e+07,(2.2+/-1.3)e+07,(2.3+/-1.4)e+07,(2.4+/-1.4)e+07,(2.5+/-1.5)e+07,(2.5+/-1.5)e+07,(2.6+/-1.5)e+07,(2.7+/-1.6)e+07,(2.8+/-1.6)e+07,(2.8+/-1.7)e+07,(2.9+/-1.7)e+07,(3.0+/-1.8)e+07,(3.1+/-1.8)e+07,(3.1+/-1.9)e+07,(3.2+/-1.9)e+07,(3.3+/-1.9)e+07,(3.4+/-2.0)e+07,(3.4+/-2.0)e+07,(3.5+/-2.1)e+07,(3.6+/-2.1)e+07
Palau,0.0,0.0,0.0,0.0,0.0,0.0,0.0,0.0,0.0,0.0,0.0,0.0,0.0,0.0,0.0,0.0,0.0,0.0,0.0,0.0,0.0,0.0,0.0,0.0,0.0,0.0,0.0,0.0,0.0,0.0,0.0,0.0,0.0,0.0,0.0,0.0,0.0,0.0,0.0,0.0,0.0,0.0,0.0,0.0,0.0,0.0,0.0,0.0,0.0,0.0,0.0,0.0,0.0
Papua New Guinea,0.0,0.0,0.0,0.0,0.0,0.0,0.0,0.0,0.0,0.0,0.0,0.0,0.0,0.0,0.0,0.0,0.0,0.0,0.0,0.0,0.0,0.0,0.0,0.0,0.0,0.0,0.0,0.0,0.0,0.0,0.0,0.0,0.0,0.0,0.0,0.0,0.0,0.0,0.0,0.0,0.0,0.0,0.0,0.0,0.0,0.0,0.0,0.0,0.0,0.0,0.0,0.0,0.0
Poland,0,0,0,0,0,(1.4+/-0.8)e+06,(2.8+/-1.7)e+06,(4.3+/-2.5)e+06,(5.7+/-3.3)e+06,(7+/-4)e+06,(9+/-5)e+06,(1.0+/-0.6)e+07,(1.1+/-0.7)e+07,(1.3+/-0.8)e+07,(1.4+/-0.8)e+07,(1.6+/-0.9)e+07,(1.7+/-1.0)e+07,(1.8+/-1.1)e+07,(2.0+/-1.2)e+07,(2.1+/-1.3)e+07,(2.3+/-1.3)e+07,(2.4+/-1.4)e+07,(2.6+/-1.5)e+07,(2.7+/-1.6)e+07,(2.8+/-1.7)e+07,(3.0+/-1.8)e+07,(3.1+/-1.8)e+07,(3.3+/-1.9)e+07,(3.4+/-2.0)e+07,(3.6+/-2.1)e+07,(3.7+/-2.2)e+07,(3.8+/-2.3)e+07,(4.0+/-2.3)e+07,(4.1+/-2.4)e+07,(4.3+/-2.5)e+07,(4.4+/-2.6)e+07,(4.5+/-2.7)e+07,(4.7+/-2.8)e+07,(4.8+/-2.8)e+07,(5.0+/-2.9)e+07,(5.1+/-3.0)e+07,(5.3+/-3.1)e+07,(5.4+/-3.2)e+07,(5.5+/-3.3)e+07,(5.7+/-3.3)e+07,(5.8+/-3.4)e+07,(6.0+/-3.5)e+07,(6+/-4)e+07,(6+/-4)e+07,(6+/-4)e+07,(7+/-4)e+07,(7+/-4)e+07,(7+/-4)e+07
Puerto Rico,0.0,0.0,0.0,0.0,0.0,0.0,0.0,0.0,0.0,0.0,0.0,0.0,0.0,0.0,0.0,0.0,0.0,0.0,0.0,0.0,0.0,0.0,0.0,0.0,0.0,0.0,0.0,0.0,0.0,0.0,0.0,0.0,0.0,0.0,0.0,0.0,0.0,0.0,0.0,0.0,0.0,0.0,0.0,0.0,0.0,0.0,0.0,0.0,0.0,0.0,0.0,0.0,0.0
North Korea,0.0,0.0,0.0,0.0,0.0,0.0,0.0,0.0,0.0,0.0,0.0,0.0,0.0,0.0,0.0,0.0,0.0,0.0,0.0,0.0,0.0,0.0,0.0,0.0,0.0,0.0,0.0,0.0,0.0,0.0,0.0,0.0,0.0,0.0,0.0,0.0,0.0,0.0,0.0,0.0,0.0,0.0,0.0,0.0,0.0,0.0,0.0,0.0,0.0,0.0,0.0,0.0,0.0
Portugal,0,0,0,0,(4.1+/-2.4)e+05,(8+/-5)e+05,(1.2+/-0.7)e+06,(1.6+/-1.0)e+06,(2.0+/-1.2)e+06,(2.4+/-1.4)e+06,(2.8+/-1.7)e+06,(3.2+/-1.9)e+06,(3.6+/-2.1)e+06,(4.1+/-2.4)e+06,(4.5+/-2.6)e+06,(4.9+/-2.9)e+06,(5.3+/-3.1)e+06,(5.7+/-3.3)e+06,(6+/-4)e+06,(6+/-4)e+06,(7+/-4)e+06,(7+/-4)e+06,(8+/-5)e+06,(8+/-5)e+06,(9+/-5)e+06,(9+/-5)e+06,(9+/-5)e+06,(1.0+/-0.6)e+07,(1.0+/-0.6)e+07,(1.1+/-0.6)e+07,(1.1+/-0.6)e+07,(1.1+/-0.7)e+07,(1.2+/-0.7)e+07,(1.2+/-0.7)e+07,(1.3+/-0.7)e+07,(1.3+/-0.8)e+07,(1.3+/-0.8)e+07,(1.4+/-0.8)e+07,(1.4+/-0.8)e+07,(1.5+/-0.9)e+07,(1.5+/-0.9)e+07,(1.5+/-0.9)e+07,(1.6+/-0.9)e+07,(1.6+/-1.0)e+07,(1.7+/-1.0)e+07,(1.7+/-1.0)e+07,(1.7+/-1.0)e+07,(1.8+/-1.0)e+07,(1.8+/-1.1)e+07,(1.9+/-1.1)e+07,(1.9+/-1.1)e+07,(1.9+/-1.1)e+07,(2.0+/-1.2)e+07
Paraguay,0,0,0,0,0,0,0,0,(7+/-4)e+04,(1.4+/-0.8)e+05,(2.1+/-1.2)e+05,(2.8+/-1.6)e+05,(3.5+/-2.1)e+05,(4.2+/-2.5)e+05,(4.9+/-2.9)e+05,(5.6+/-3.3)e+05,(6+/-4)e+05,(7+/-4)e+05,(8+/-5)e+05,(8+/-5)e+05,(9+/-5)e+05,(1.0+/-0.6)e+06,(1.0+/-0.6)e+06,(1.1+/-0.7)e+06,(1.2+/-0.7)e+06,(1.3+/-0.7)e+06,(1.3+/-0.8)e+06,(1.4+/-0.8)e+06,(1.5+/-0.9)e+06,(1.5+/-0.9)e+06,(1.6+/-0.9)e+06,(1.7+/-1.0)e+06,(1.7+/-1.0)e+06,(1.8+/-1.1)e+06,(1.9+/-1.1)e+06,(2.0+/-1.2)e+06,(2.0+/-1.2)e+06,(2.1+/-1.2)e+06,(2.2+/-1.3)e+06,(2.2+/-1.3)e+06,(2.3+/-1.4)e+06,(2.4+/-1.4)e+06,(2.4+/-1.4)e+06,(2.5+/-1.5)e+06,(2.6+/-1.5)e+06,(2.7+/-1.6)e+06,(2.7+/-1.6)e+06,(2.8+/-1.6)e+06,(2.9+/-1.7)e+06,(2.9+/-1.7)e+06,(3.0+/-1.8)e+06,(3.1+/-1.8)e+06,(3.1+/-1.9)e+06
Palestine,0.0,0.0,0.0,0.0,0.0,0.0,0.0,0.0,0.0,0.0,0.0,0.0,0.0,0.0,0.0,0.0,0.0,0.0,0.0,0.0,0.0,0.0,0.0,0.0,0.0,0.0,0.0,0.0,0.0,0.0,0.0,0.0,0.0,0.0,0.0,0.0,0.0,0.0,0.0,0.0,0.0,0.0,0.0,0.0,0.0,0.0,0.0,0.0,0.0,0.0,0.0,0.0,0.0
French Polynesia,0.0,0.0,0.0,0.0,0.0,0.0,0.0,0.0,0.0,0.0,0.0,0.0,0.0,0.0,0.0,0.0,0.0,0.0,0.0,0.0,0.0,0.0,0.0,0.0,0.0,0.0,0.0,0.0,0.0,0.0,0.0,0.0,0.0,0.0,0.0,0.0,0.0,0.0,0.0,0.0,0.0,0.0,0.0,0.0,0.0,0.0,0.0,0.0,0.0,0.0,0.0,0.0,0.0
Qatar,0,0,0,0,0,(2.0+/-1.2)e+05,(4.0+/-2.3)e+05,(6.0+/-3.5)e+05,(8+/-5)e+05,(1.0+/-0.6)e+06,(1.2+/-0.7)e+06,(1.4+/-0.8)e+06,(1.6+/-0.9)e+06,(1.8+/-1.1)e+06,(2.0+/-1.2)e+06,(2.2+/-1.3)e+06,(2.4+/-1.4)e+06,(2.6+/-1.5)e+06,(2.8+/-1.6)e+06,(3.0+/-1.8)e+06,(3.2+/-1.9)e+06,(3.4+/-2.0)e+06,(3.6+/-2.1)e+06,(3.8+/-2.2)e+06,(4.0+/-2.3)e+06,(4.2+/-2.5)e+06,(4.4+/-2.6)e+06,(4.6+/-2.7)e+06,(4.8+/-2.8)e+06,(5.0+/-2.9)e+06,(5.2+/-3.1)e+06,(5.4+/-3.2)e+06,(5.6+/-3.3)e+06,(5.8+/-3.4)e+06,(6.0+/-3.5)e+06,(6+/-4)e+06,(6+/-4)e+06,(7+/-4)e+06,(7+/-4)e+06,(7+/-4)e+06,(7+/-4)e+06,(7+/-4)e+06,(8+/-4)e+06,(8+/-5)e+06,(8+/-5)e+06,(8+/-5)e+06,(8+/-5)e+06,(9+/-5)e+06,(9+/-5)e+06,(9+/-5)e+06,(9+/-5)e+06,(9+/-6)e+06,(1.0+/-0.6)e+07
Romania,0,0,0,0,0,0,(4.4+/-2.6)e+05,(9+/-5)e+05,(1.3+/-0.8)e+06,(1.7+/-1.0)e+06,(2.2+/-1.3)e+06,(2.6+/-1.5)e+06,(3.0+/-1.8)e+06,(3.5+/-2.1)e+06,(3.9+/-2.3)e+06,(4.4+/-2.6)e+06,(4.8+/-2.8)e+06,(5.2+/-3.1)e+06,(5.7+/-3.3)e+06,(6+/-4)e+06,(7+/-4)e+06,(7+/-4)e+06,(7+/-4)e+06,(8+/-5)e+06,(8+/-5)e+06,(9+/-5)e+06,(9+/-5)e+06,(1.0+/-0.6)e+07,(1.0+/-0.6)e+07,(1.0+/-0.6)e+07,(1.1+/-0.6)e+07,(1.1+/-0.7)e+07,(1.2+/-0.7)e+07,(1.2+/-0.7)e+07,(1.3+/-0.7)e+07,(1.3+/-0.8)e+07,(1.4+/-0.8)e+07,(1.4+/-0.8)e+07,(1.4+/-0.8)e+07,(1.5+/-0.9)e+07,(1.5+/-0.9)e+07,(1.6+/-0.9)e+07,(1.6+/-0.9)e+07,(1.7+/-1.0)e+07,(1.7+/-1.0)e+07,(1.7+/-1.0)e+07,(1.8+/-1.1)e+07,(1.8+/-1.1)e+07,(1.9+/-1.1)e+07,(1.9+/-1.1)e+07,(2.0+/-1.2)e+07,(2.0+/-1.2)e+07,(2.0+/-1.2)e+07
Russia,0,0,0,0,0,0,(2.5+/-1.4)e+06,(4.9+/-2.9)e+06,(7+/-4)e+06,(1.0+/-0.6)e+07,(1.2+/-0.7)e+07,(1.5+/-0.9)e+07,(1.7+/-1.0)e+07,(2.0+/-1.2)e+07,(2.2+/-1.3)e+07,(2.5+/-1.4)e+07,(2.7+/-1.6)e+07,(3.0+/-1.7)e+07,(3.2+/-1.9)e+07,(3.4+/-2.0)e+07,(3.7+/-2.2)e+07,(3.9+/-2.3)e+07,(4.2+/-2.5)e+07,(4.4+/-2.6)e+07,(4.7+/-2.8)e+07,(4.9+/-2.9)e+07,(5.2+/-3.0)e+07,(5.4+/-3.2)e+07,(5.7+/-3.3)e+07,(5.9+/-3.5)e+07,(6+/-4)e+07,(6+/-4)e+07,(7+/-4)e+07,(7+/-4)e+07,(7+/-4)e+07,(7+/-4)e+07,(8+/-4)e+07,(8+/-5)e+07,(8+/-5)e+07,(8+/-5)e+07,(9+/-5)e+07,(9+/-5)e+07,(9+/-5)e+07,(9+/-6)e+07,(1.0+/-0.6)e+08,(1.0+/-0.6)e+08,(1.0+/-0.6)e+08,(1.0+/-0.6)e+08,(1.1+/-0.6)e+08,(1.1+/-0.6)e+08,(1.1+/-0.7)e+08,(1.1+/-0.7)e+08,(1.2+/-0.7)e+08
Rwanda,0.0,0.0,0.0,0.0,0.0,0.0,0.0,0.0,0.0,0.0,0.0,0.0,0.0,0.0,0.0,0.0,0.0,0.0,0.0,0.0,0.0,0.0,0.0,0.0,0.0,0.0,0.0,0.0,0.0,0.0,0.0,0.0,0.0,0.0,0.0,0.0,0.0,0.0,0.0,0.0,0.0,0.0,0.0,0.0,0.0,0.0,0.0,0.0,0.0,0.0,0.0,0.0,0.0
Saudi Arabia,0,0,0,0,0,(1.7+/-1.0)e+06,(3.5+/-2.0)e+06,(5.2+/-3.1)e+06,(7+/-4)e+06,(9+/-5)e+06,(1.0+/-0.6)e+07,(1.2+/-0.7)e+07,(1.4+/-0.8)e+07,(1.6+/-0.9)e+07,(1.7+/-1.0)e+07,(1.9+/-1.1)e+07,(2.1+/-1.2)e+07,(2.3+/-1.3)e+07,(2.4+/-1.4)e+07,(2.6+/-1.5)e+07,(2.8+/-1.6)e+07,(3.0+/-1.7)e+07,(3.1+/-1.8)e+07,(3.3+/-1.9)e+07,(3.5+/-2.0)e+07,(3.7+/-2.2)e+07,(3.8+/-2.3)e+07,(4.0+/-2.4)e+07,(4.2+/-2.5)e+07,(4.3+/-2.6)e+07,(4.5+/-2.7)e+07,(4.7+/-2.8)e+07,(4.9+/-2.9)e+07,(5.0+/-3.0)e+07,(5.2+/-3.1)e+07,(5.4+/-3.2)e+07,(5.6+/-3.3)e+07,(5.7+/-3.4)e+07,(5.9+/-3.5)e+07,(6+/-4)e+07,(6+/-4)e+07,(6+/-4)e+07,(7+/-4)e+07,(7+/-4)e+07,(7+/-4)e+07,(7+/-4)e+07,(7+/-4)e+07,(7+/-4)e+07,(8+/-5)e+07,(8+/-5)e+07,(8+/-5)e+07,(8+/-5)e+07,(8+/-5)e+07
Sudan,0.0,0.0,0.0,0.0,0.0,0.0,0.0,0.0,0.0,0.0,0.0,0.0,0.0,0.0,0.0,0.0,0.0,0.0,0.0,0.0,0.0,0.0,0.0,0.0,0.0,0.0,0.0,0.0,0.0,0.0,0.0,0.0,0.0,0.0,0.0,0.0,0.0,0.0,0.0,0.0,0.0,0.0,0.0,0.0,0.0,0.0,0.0,0.0,0.0,0.0,0.0,0.0,0.0
Senegal,0.0,0.0,0.0,0.0,0.0,0.0,0.0,0.0,0.0,0.0,0.0,0.0,0.0,0.0,0.0,0.0,0.0,0.0,0.0,0.0,0.0,0.0,0.0,0.0,0.0,0.0,0.0,0.0,0.0,0.0,0.0,0.0,0.0,0.0,0.0,0.0,0.0,0.0,0.0,0.0,0.0,0.0,0.0,0.0,0.0,0.0,0.0,0.0,0.0,0.0,0.0,0.0,0.0
Singapore,0,0,0,0,0,(9+/-6)e+05,(1.9+/-1.1)e+06,(2.8+/-1.7)e+06,(3.8+/-2.2)e+06,(4.7+/-2.8)e+06,(5.7+/-3.3)e+06,(7+/-4)e+06,(8+/-4)e+06,(8+/-5)e+06,(9+/-6)e+06,(1.0+/-0.6)e+07,(1.1+/-0.7)e+07,(1.2+/-0.7)e+07,(1.3+/-0.8)e+07,(1.4+/-0.8)e+07,(1.5+/-0.9)e+07,(1.6+/-0.9)e+07,(1.7+/-1.0)e+07,(1.8+/-1.1)e+07,(1.9+/-1.1)e+07,(2.0+/-1.2)e+07,(2.1+/-1.2)e+07,(2.2+/-1.3)e+07,(2.3+/-1.3)e+07,(2.4+/-1.4)e+07,(2.4+/-1.4)e+07,(2.5+/-1.5)e+07,(2.6+/-1.6)e+07,(2.7+/-1.6)e+07,(2.8+/-1.7)e+07,(2.9+/-1.7)e+07,(3.0+/-1.8)e+07,(3.1+/-1.8)e+07,(3.2+/-1.9)e+07,(3.3+/-1.9)e+07,(3.4+/-2.0)e+07,(3.5+/-2.1)e+07,(3.6+/-2.1)e+07,(3.7+/-2.2)e+07,(3.8+/-2.2)e+07,(3.9+/-2.3)e+07,(4.0+/-2.3)e+07,(4.1+/-2.4)e+07,(4.1+/-2.4)e+07,(4.2+/-2.5)e+07,(4.3+/-2.6)e+07,(4.4+/-2.6)e+07,(4.5+/-2.7)e+07
Solomon Islands,0.0,0.0,0.0,0.0,0.0,0.0,0.0,0.0,0.0,0.0,0.0,0.0,0.0,0.0,0.0,0.0,0.0,0.0,0.0,0.0,0.0,0.0,0.0,0.0,0.0,0.0,0.0,0.0,0.0,0.0,0.0,0.0,0.0,0.0,0.0,0.0,0.0,0.0,0.0,0.0,0.0,0.0,0.0,0.0,0.0,0.0,0.0,0.0,0.0,0.0,0.0,0.0,0.0
Sierra Leone,0.0,0.0,0.0,0.0,0.0,0.0,0.0,0.0,0.0,0.0,0.0,0.0,0.0,0.0,0.0,0.0,0.0,0.0,0.0,0.0,0.0,0.0,0.0,0.0,0.0,0.0,0.0,0.0,0.0,0.0,0.0,0.0,0.0,0.0,0.0,0.0,0.0,0.0,0.0,0.0,0.0,0.0,0.0,0.0,0.0,0.0,0.0,0.0,0.0,0.0,0.0,0.0,0.0
El Salvador,0,(3.6+/-2.1)e+04,(7+/-4)e+04,(1.1+/-0.6)e+05,(1.5+/-0.9)e+05,(1.8+/-1.1)e+05,(2.2+/-1.3)e+05,(2.5+/-1.5)e+05,(2.9+/-1.7)e+05,(3.3+/-1.9)e+05,(3.6+/-2.1)e+05,(4.0+/-2.4)e+05,(4.4+/-2.6)e+05,(4.7+/-2.8)e+05,(5.1+/-3.0)e+05,(5.4+/-3.2)e+05,(5.8+/-3.4)e+05,(6+/-4)e+05,(7+/-4)e+05,(7+/-4)e+05,(7+/-4)e+05,(8+/-4)e+05,(8+/-5)e+05,(8+/-5)e+05,(9+/-5)e+05,(9+/-5)e+05,(9+/-6)e+05,(1.0+/-0.6)e+06,(1.0+/-0.6)e+06,(1.1+/-0.6)e+06,(1.1+/-0.6)e+06,(1.1+/-0.7)e+06,(1.2+/-0.7)e+06,(1.2+/-0.7)e+06,(1.2+/-0.7)e+06,(1.3+/-0.7)e+06,(1.3+/-0.8)e+06,(1.3+/-0.8)e+06,(1.4+/-0.8)e+06,(1.4+/-0.8)e+06,(1.5+/-0.9)e+06,(1.5+/-0.9)e+06,(1.5+/-0.9)e+06,(1.6+/-0.9)e+06,(1.6+/-0.9)e+06,(1.6+/-1.0)e+06,(1.7+/-1.0)e+06,(1.7+/-1.0)e+06,(1.7+/-1.0)e+06,(1.8+/-1.0)e+06,(1.8+/-1.1)e+06,(1.9+/-1.1)e+06,(1.9+/-1.1)e+06
San Marino,0.0,0.0,0.0,0.0,0.0,0.0,0.0,0.0,0.0,0.0,0.0,0.0,0.0,0.0,0.0,0.0,0.0,0.0,0.0,0.0,0.0,0.0,0.0,0.0,0.0,0.0,0.0,0.0,0.0,0.0,0.0,0.0,0.0,0.0,0.0,0.0,0.0,0.0,0.0,0.0,0.0,0.0,0.0,0.0,0.0,0.0,0.0,0.0,0.0,0.0,0.0,0.0,0.0
Somalia,0.0,0.0,0.0,0.0,0.0,0.0,0.0,0.0,0.0,0.0,0.0,0.0,0.0,0.0,0.0,0.0,0.0,0.0,0.0,0.0,0.0,0.0,0.0,0.0,0.0,0.0,0.0,0.0,0.0,0.0,0.0,0.0,0.0,0.0,0.0,0.0,0.0,0.0,0.0,0.0,0.0,0.0,0.0,0.0,0.0,0.0,0.0,0.0,0.0,0.0,0.0,0.0,0.0
Serbia,0,(9+/-5)e+04,(1.8+/-1.0)e+05,(2.6+/-1.6)e+05,(3.5+/-2.1)e+05,(4.4+/-2.6)e+05,(5.3+/-3.1)e+05,(6+/-4)e+05,(7+/-4)e+05,(8+/-5)e+05,(9+/-5)e+05,(1.0+/-0.6)e+06,(1.1+/-0.6)e+06,(1.1+/-0.7)e+06,(1.2+/-0.7)e+06,(1.3+/-0.8)e+06,(1.4+/-0.8)e+06,(1.5+/-0.9)e+06,(1.6+/-0.9)e+06,(1.7+/-1.0)e+06,(1.8+/-1.0)e+06,(1.8+/-1.1)e+06,(1.9+/-1.1)e+06,(2.0+/-1.2)e+06,(2.1+/-1.2)e+06,(2.2+/-1.3)e+06,(2.3+/-1.3)e+06,(2.4+/-1.4)e+06,(2.5+/-1.5)e+06,(2.6+/-1.5)e+06,(2.6+/-1.6)e+06,(2.7+/-1.6)e+06,(2.8+/-1.7)e+06,(2.9+/-1.7)e+06,(3.0+/-1.8)e+06,(3.1+/-1.8)e+06,(3.2+/-1.9)e+06,(3.3+/-1.9)e+06,(3.3+/-2.0)e+06,(3.4+/-2.0)e+06,(3.5+/-2.1)e+06,(3.6+/-2.1)e+06,(3.7+/-2.2)e+06,(3.8+/-2.2)e+06,(3.9+/-2.3)e+06,(4.0+/-2.3)e+06,(4.1+/-2.4)e+06,(4.1+/-2.4)e+06,(4.2+/-2.5)e+06,(4.3+/-2.5)e+06,(4.4+/-2.6)e+06,(4.5+/-2.6)e+06,(4.6+/-2.7)e+06
South Sudan,0.0,0.0,0.0,0.0,0.0,0.0,0.0,0.0,0.0,0.0,0.0,0.0,0.0,0.0,0.0,0.0,0.0,0.0,0.0,0.0,0.0,0.0,0.0,0.0,0.0,0.0,0.0,0.0,0.0,0.0,0.0,0.0,0.0,0.0,0.0,0.0,0.0,0.0,0.0,0.0,0.0,0.0,0.0,0.0,0.0,0.0,0.0,0.0,0.0,0.0,0.0,0.0,0.0
Sao Tome and Principe,0.0,0.0,0.0,0.0,0.0,0.0,0.0,0.0,0.0,0.0,0.0,0.0,0.0,0.0,0.0,0.0,0.0,0.0,0.0,0.0,0.0,0.0,0.0,0.0,0.0,0.0,0.0,0.0,0.0,0.0,0.0,0.0,0.0,0.0,0.0,0.0,0.0,0.0,0.0,0.0,0.0,0.0,0.0,0.0,0.0,0.0,0.0,0.0,0.0,0.0,0.0,0.0,0.0
Suriname,0.0,0.0,0.0,0.0,0.0,0.0,0.0,0.0,0.0,0.0,0.0,0.0,0.0,0.0,0.0,0.0,0.0,0.0,0.0,0.0,0.0,0.0,0.0,0.0,0.0,0.0,0.0,0.0,0.0,0.0,0.0,0.0,0.0,0.0,0.0,0.0,0.0,0.0,0.0,0.0,0.0,0.0,0.0,0.0,0.0,0.0,0.0,0.0,0.0,0.0,0.0,0.0,0.0
Slovakia,0,0,0,0,0,0,(2.8+/-1.7)e+05,(5.7+/-3.3)e+05,(9+/-5)e+05,(1.1+/-0.7)e+06,(1.4+/-0.8)e+06,(1.7+/-1.0)e+06,(2.0+/-1.2)e+06,(2.3+/-1.3)e+06,(2.6+/-1.5)e+06,(2.8+/-1.7)e+06,(3.1+/-1.8)e+06,(3.4+/-2.0)e+06,(3.7+/-2.2)e+06,(4.0+/-2.3)e+06,(4.3+/-2.5)e+06,(4.5+/-2.7)e+06,(4.8+/-2.8)e+06,(5.1+/-3.0)e+06,(5.4+/-3.2)e+06,(5.7+/-3.3)e+06,(6.0+/-3.5)e+06,(6+/-4)e+06,(7+/-4)e+06,(7+/-4)e+06,(7+/-4)e+06,(7+/-4)e+06,(8+/-5)e+06,(8+/-5)e+06,(8+/-5)e+06,(9+/-5)e+06,(9+/-5)e+06,(9+/-5)e+06,(9+/-6)e+06,(1.0+/-0.6)e+07,(1.0+/-0.6)e+07,(1.0+/-0.6)e+07,(1.1+/-0.6)e+07,(1.1+/-0.6)e+07,(1.1+/-0.7)e+07,(1.1+/-0.7)e+07,(1.2+/-0.7)e+07,(1.2+/-0.7)e+07,(1.2+/-0.7)e+07,(1.3+/-0.7)e+07,(1.3+/-0.8)e+07,(1.3+/-0.8)e+07,(1.3+/-0.8)e+07
Slovenia,0,(1.0+/-0.6)e+05,(2.1+/-1.2)e+05,(3.1+/-1.8)e+05,(4.1+/-2.4)e+05,(5.2+/-3.0)e+05,(6+/-4)e+05,(7+/-4)e+05,(8+/-5)e+05,(9+/-5)e+05,(1.0+/-0.6)e+06,(1.1+/-0.7)e+06,(1.2+/-0.7)e+06,(1.3+/-0.8)e+06,(1.4+/-0.9)e+06,(1.6+/-0.9)e+06,(1.7+/-1.0)e+06,(1.8+/-1.0)e+06,(1.9+/-1.1)e+06,(2.0+/-1.2)e+06,(2.1+/-1.2)e+06,(2.2+/-1.3)e+06,(2.3+/-1.3)e+06,(2.4+/-1.4)e+06,(2.5+/-1.5)e+06,(2.6+/-1.5)e+06,(2.7+/-1.6)e+06,(2.8+/-1.6)e+06,(2.9+/-1.7)e+06,(3.0+/-1.8)e+06,(3.1+/-1.8)e+06,(3.2+/-1.9)e+06,(3.3+/-2.0)e+06,(3.4+/-2.0)e+06,(3.5+/-2.1)e+06,(3.6+/-2.1)e+06,(3.7+/-2.2)e+06,(3.8+/-2.3)e+06,(3.9+/-2.3)e+06,(4.0+/-2.4)e+06,(4.1+/-2.4)e+06,(4.2+/-2.5)e+06,(4.3+/-2.6)e+06,(4.5+/-2.6)e+06,(4.6+/-2.7)e+06,(4.7+/-2.7)e+06,(4.8+/-2.8)e+06,(4.9+/-2.9)e+06,(5.0+/-2.9)e+06,(5.1+/-3.0)e+06,(5.2+/-3.0)e+06,(5.3+/-3.1)e+06,(5.4+/-3.2)e+06
Sweden,0,0,(1.1+/-0.6)e+06,(2.1+/-1.3)e+06,(3.2+/-1.9)e+06,(4.3+/-2.5)e+06,(5.3+/-3.2)e+06,(6+/-4)e+06,(7+/-4)e+06,(9+/-5)e+06,(1.0+/-0.6)e+07,(1.1+/-0.6)e+07,(1.2+/-0.7)e+07,(1.3+/-0.8)e+07,(1.4+/-0.8)e+07,(1.5+/-0.9)e+07,(1.6+/-0.9)e+07,(1.7+/-1.0)e+07,(1.8+/-1.1)e+07,(1.9+/-1.1)e+07,(2.0+/-1.2)e+07,(2.1+/-1.3)e+07,(2.2+/-1.3)e+07,(2.4+/-1.4)e+07,(2.5+/-1.4)e+07,(2.6+/-1.5)e+07,(2.7+/-1.6)e+07,(2.8+/-1.6)e+07,(2.9+/-1.7)e+07,(3.0+/-1.8)e+07,(3.1+/-1.8)e+07,(3.2+/-1.9)e+07,(3.3+/-2.0)e+07,(3.4+/-2.0)e+07,(3.5+/-2.1)e+07,(3.6+/-2.1)e+07,(3.7+/-2.2)e+07,(3.9+/-2.3)e+07,(4.0+/-2.3)e+07,(4.1+/-2.4)e+07,(4.2+/-2.5)e+07,(4.3+/-2.5)e+07,(4.4+/-2.6)e+07,(4.5+/-2.6)e+07,(4.6+/-2.7)e+07,(4.7+/-2.8)e+07,(4.8+/-2.8)e+07,(4.9+/-2.9)e+07,(5.0+/-3.0)e+07,(5.1+/-3.0)e+07,(5.2+/-3.1)e+07,(5.3+/-3.2)e+07,(5.5+/-3.2)e+07
Eswatini,0.0,0.0,0.0,0.0,0.0,0.0,0.0,0.0,0.0,0.0,0.0,0.0,0.0,0.0,0.0,0.0,0.0,0.0,0.0,0.0,0.0,0.0,0.0,0.0,0.0,0.0,0.0,0.0,0.0,0.0,0.0,0.0,0.0,0.0,0.0,0.0,0.0,0.0,0.0,0.0,0.0,0.0,0.0,0.0,0.0,0.0,0.0,0.0,0.0,0.0,0.0,0.0,0.0
Sint Maarten,0.0,0.0,0.0,0.0,0.0,0.0,0.0,0.0,0.0,0.0,0.0,0.0,0.0,0.0,0.0,0.0,0.0,0.0,0.0,0.0,0.0,0.0,0.0,0.0,0.0,0.0,0.0,0.0,0.0,0.0,0.0,0.0,0.0,0.0,0.0,0.0,0.0,0.0,0.0,0.0,0.0,0.0,0.0,0.0,0.0,0.0,0.0,0.0,0.0,0.0,0.0,0.0,0.0
Seychelles,0.0,0.0,0.0,0.0,0.0,0.0,0.0,0.0,0.0,0.0,0.0,0.0,0.0,0.0,0.0,0.0,0.0,0.0,0.0,0.0,0.0,0.0,0.0,0.0,0.0,0.0,0.0,0.0,0.0,0.0,0.0,0.0,0.0,0.0,0.0,0.0,0.0,0.0,0.0,0.0,0.0,0.0,0.0,0.0,0.0,0.0,0.0,0.0,0.0,0.0,0.0,0.0,0.0
Syria,0.0,0.0,0.0,0.0,0.0,0.0,0.0,0.0,0.0,0.0,0.0,0.0,0.0,0.0,0.0,0.0,0.0,0.0,0.0,0.0,0.0,0.0,0.0,0.0,0.0,0.0,0.0,0.0,0.0,0.0,0.0,0.0,0.0,0.0,0.0,0.0,0.0,0.0,0.0,0.0,0.0,0.0,0.0,0.0,0.0,0.0,0.0,0.0,0.0,0.0,0.0,0.0,0.0
Turks and Caicos Islands,0.0,0.0,0.0,0.0,0.0,0.0,0.0,0.0,0.0,0.0,0.0,0.0,0.0,0.0,0.0,0.0,0.0,0.0,0.0,0.0,0.0,0.0,0.0,0.0,0.0,0.0,0.0,0.0,0.0,0.0,0.0,0.0,0.0,0.0,0.0,0.0,0.0,0.0,0.0,0.0,0.0,0.0,0.0,0.0,0.0,0.0,0.0,0.0,0.0,0.0,0.0,0.0,0.0
Chad,0.0,0.0,0.0,0.0,0.0,0.0,0.0,0.0,0.0,0.0,0.0,0.0,0.0,0.0,0.0,0.0,0.0,0.0,0.0,0.0,0.0,0.0,0.0,0.0,0.0,0.0,0.0,0.0,0.0,0.0,0.0,0.0,0.0,0.0,0.0,0.0,0.0,0.0,0.0,0.0,0.0,0.0,0.0,0.0,0.0,0.0,0.0,0.0,0.0,0.0,0.0,0.0,0.0
Togo,0.0,0.0,0.0,0.0,0.0,0.0,0.0,0.0,0.0,0.0,0.0,0.0,0.0,0.0,0.0,0.0,0.0,0.0,0.0,0.0,0.0,0.0,0.0,0.0,0.0,0.0,0.0,0.0,0.0,0.0,0.0,0.0,0.0,0.0,0.0,0.0,0.0,0.0,0.0,0.0,0.0,0.0,0.0,0.0,0.0,0.0,0.0,0.0,0.0,0.0,0.0,0.0,0.0
Thailand,0,0,0,0,(1.5+/-0.9)e+06,(2.9+/-1.7)e+06,(4.4+/-2.6)e+06,(5.9+/-3.5)e+06,(7+/-4)e+06,(9+/-5)e+06,(1.0+/-0.6)e+07,(1.2+/-0.7)e+07,(1.3+/-0.8)e+07,(1.5+/-0.9)e+07,(1.6+/-1.0)e+07,(1.8+/-1.0)e+07,(1.9+/-1.1)e+07,(2.1+/-1.2)e+07,(2.2+/-1.3)e+07,(2.4+/-1.4)e+07,(2.5+/-1.5)e+07,(2.6+/-1.6)e+07,(2.8+/-1.6)e+07,(2.9+/-1.7)e+07,(3.1+/-1.8)e+07,(3.2+/-1.9)e+07,(3.4+/-2.0)e+07,(3.5+/-2.1)e+07,(3.7+/-2.2)e+07,(3.8+/-2.3)e+07,(4.0+/-2.3)e+07,(4.1+/-2.4)e+07,(4.3+/-2.5)e+07,(4.4+/-2.6)e+07,(4.6+/-2.7)e+07,(4.7+/-2.8)e+07,(4.9+/-2.9)e+07,(5.0+/-2.9)e+07,(5.1+/-3.0)e+07,(5.3+/-3.1)e+07,(5.4+/-3.2)e+07,(5.6+/-3.3)e+07,(5.7+/-3.4)e+07,(5.9+/-3.5)e+07,(6+/-4)e+07,(6+/-4)e+07,(6+/-4)e+07,(6+/-4)e+07,(7+/-4)e+07,(7+/-4)e+07,(7+/-4)e+07,(7+/-4)e+07,(7+/-4)e+07
Tajikistan,0.0,0.0,0.0,0.0,0.0,0.0,0.0,0.0,0.0,0.0,0.0,0.0,0.0,0.0,0.0,0.0,0.0,0.0,0.0,0.0,0.0,0.0,0.0,0.0,0.0,0.0,0.0,0.0,0.0,0.0,0.0,0.0,0.0,0.0,0.0,0.0,0.0,0.0,0.0,0.0,0.0,0.0,0.0,0.0,0.0,0.0,0.0,0.0,0.0,0.0,0.0,0.0,0.0
Turkmenistan,0.0,0.0,0.0,0.0,0.0,0.0,0.0,0.0,0.0,0.0,0.0,0.0,0.0,0.0,0.0,0.0,0.0,0.0,0.0,0.0,0.0,0.0,0.0,0.0,0.0,0.0,0.0,0.0,0.0,0.0,0.0,0.0,0.0,0.0,0.0,0.0,0.0,0.0,0.0,0.0,0.0,0.0,0.0,0.0,0.0,0.0,0.0,0.0,0.0,0.0,0.0,0.0,0.0
Timor-Leste,0.0,0.0,0.0,0.0,0.0,0.0,0.0,0.0,0.0,0.0,0.0,0.0,0.0,0.0,0.0,0.0,0.0,0.0,0.0,0.0,0.0,0.0,0.0,0.0,0.0,0.0,0.0,0.0,0.0,0.0,0.0,0.0,0.0,0.0,0.0,0.0,0.0,0.0,0.0,0.0,0.0,0.0,0.0,0.0,0.0,0.0,0.0,0.0,0.0,0.0,0.0,0.0,0.0
Tonga,0.0,0.0,0.0,0.0,0.0,0.0,0.0,0.0,0.0,0.0,0.0,0.0,0.0,0.0,0.0,0.0,0.0,0.0,0.0,0.0,0.0,0.0,0.0,0.0,0.0,0.0,0.0,0.0,0.0,0.0,0.0,0.0,0.0,0.0,0.0,0.0,0.0,0.0,0.0,0.0,0.0,0.0,0.0,0.0,0.0,0.0,0.0,0.0,0.0,0.0,0.0,0.0,0.0
Trinidad and Tobago,0,0,0,0,0,0,0,0,(5.9+/-3.5)e+04,(1.2+/-0.7)e+05,(1.8+/-1.0)e+05,(2.4+/-1.4)e+05,(3.0+/-1.7)e+05,(3.5+/-2.1)e+05,(4.1+/-2.4)e+05,(4.7+/-2.8)e+05,(5.3+/-3.1)e+05,(5.9+/-3.5)e+05,(7+/-4)e+05,(7+/-4)e+05,(8+/-5)e+05,(8+/-5)e+05,(9+/-5)e+05,(9+/-6)e+05,(1.0+/-0.6)e+06,(1.1+/-0.6)e+06,(1.1+/-0.7)e+06,(1.2+/-0.7)e+06,(1.2+/-0.7)e+06,(1.3+/-0.8)e+06,(1.4+/-0.8)e+06,(1.4+/-0.8)e+06,(1.5+/-0.9)e+06,(1.5+/-0.9)e+06,(1.6+/-0.9)e+06,(1.7+/-1.0)e+06,(1.7+/-1.0)e+06,(1.8+/-1.0)e+06,(1.8+/-1.1)e+06,(1.9+/-1.1)e+06,(2.0+/-1.1)e+06,(2.0+/-1.2)e+06,(2.1+/-1.2)e+06,(2.1+/-1.3)e+06,(2.2+/-1.3)e+06,(2.2+/-1.3)e+06,(2.3+/-1.4)e+06,(2.4+/-1.4)e+06,(2.4+/-1.4)e+06,(2.5+/-1.5)e+06,(2.5+/-1.5)e+06,(2.6+/-1.5)e+06,(2.7+/-1.6)e+06
Tunisia,0,0,0,0,0,0,0,(7+/-4)e+04,(1.4+/-0.8)e+05,(2.0+/-1.2)e+05,(2.7+/-1.6)e+05,(3.4+/-2.0)e+05,(4.1+/-2.4)e+05,(4.7+/-2.8)e+05,(5.4+/-3.2)e+05,(6+/-4)e+05,(7+/-4)e+05,(7+/-4)e+05,(8+/-5)e+05,(9+/-5)e+05,(9+/-6)e+05,(1.0+/-0.6)e+06,(1.1+/-0.6)e+06,(1.1+/-0.7)e+06,(1.2+/-0.7)e+06,(1.3+/-0.8)e+06,(1.4+/-0.8)e+06,(1.4+/-0.8)e+06,(1.5+/-0.9)e+06,(1.6+/-0.9)e+06,(1.6+/-1.0)e+06,(1.7+/-1.0)e+06,(1.8+/-1.0)e+06,(1.8+/-1.1)e+06,(1.9+/-1.1)e+06,(2.0+/-1.2)e+06,(2.0+/-1.2)e+06,(2.1+/-1.2)e+06,(2.2+/-1.3)e+06,(2.2+/-1.3)e+06,(2.3+/-1.4)e+06,(2.4+/-1.4)e+06,(2.4+/-1.4)e+06,(2.5+/-1.5)e+06,(2.6+/-1.5)e+06,(2.6+/-1.6)e+06,(2.7+/-1.6)e+06,(2.8+/-1.6)e+06,(2.8+/-1.7)e+06,(2.9+/-1.7)e+06,(3.0+/-1.8)e+06,(3.0+/-1.8)e+06,(3.1+/-1.8)e+06
Türkiye,0.0,0.0,0.0,0.0,0.0,0.0,0.0,0.0,0.0,0.0,0.0,0.0,0.0,0.0,0.0,0.0,0.0,0.0,0.0,0.0,0.0,0.0,0.0,0.0,0.0,0.0,0.0,0.0,0.0,0.0,0.0,0.0,0.0,0.0,0.0,0.0,0.0,0.0,0.0,0.0,0.0,0.0,0.0,0.0,0.0,0.0,0.0,0.0,0.0,0.0,0.0,0.0,0.0
Tuvalu,0.0,0.0,0.0,0.0,0.0,0.0,0.0,0.0,0.0,0.0,0.0,0.0,0.0,0.0,0.0,0.0,0.0,0.0,0.0,0.0,0.0,0.0,0.0,0.0,0.0,0.0,0.0,0.0,0.0,0.0,0.0,0.0,0.0,0.0,0.0,0.0,0.0,0.0,0.0,0.0,0.0,0.0,0.0,0.0,0.0,0.0,0.0,0.0,0.0,0.0,0.0,0.0,0.0
Tanzania,0.0,0.0,0.0,0.0,0.0,0.0,0.0,0.0,0.0,0.0,0.0,0.0,0.0,0.0,0.0,0.0,0.0,0.0,0.0,0.0,0.0,0.0,0.0,0.0,0.0,0.0,0.0,0.0,0.0,0.0,0.0,0.0,0.0,0.0,0.0,0.0,0.0,0.0,0.0,0.0,0.0,0.0,0.0,0.0,0.0,0.0,0.0,0.0,0.0,0.0,0.0,0.0,0.0
Uganda,0.0,0.0,0.0,0.0,0.0,0.0,0.0,0.0,0.0,0.0,0.0,0.0,0.0,0.0,0.0,0.0,0.0,0.0,0.0,0.0,0.0,0.0,0.0,0.0,0.0,0.0,0.0,0.0,0.0,0.0,0.0,0.0,0.0,0.0,0.0,0.0,0.0,0.0,0.0,0.0,0.0,0.0,0.0,0.0,0.0,0.0,0.0,0.0,0.0,0.0,0.0,0.0,0.0
Ukraine,0,0,0,0,0,0,0,0,(1.3+/-0.8)e+05,(2.6+/-1.5)e+05,(3.9+/-2.3)e+05,(5.2+/-3.1)e+05,(7+/-4)e+05,(8+/-5)e+05,(9+/-5)e+05,(1.0+/-0.6)e+06,(1.2+/-0.7)e+06,(1.3+/-0.8)e+06,(1.4+/-0.8)e+06,(1.6+/-0.9)e+06,(1.7+/-1.0)e+06,(1.8+/-1.1)e+06,(2.0+/-1.2)e+06,(2.1+/-1.2)e+06,(2.2+/-1.3)e+06,(2.4+/-1.4)e+06,(2.5+/-1.5)e+06,(2.6+/-1.5)e+06,(2.7+/-1.6)e+06,(2.9+/-1.7)e+06,(3.0+/-1.8)e+06,(3.1+/-1.8)e+06,(3.3+/-1.9)e+06,(3.4+/-2.0)e+06,(3.5+/-2.1)e+06,(3.7+/-2.2)e+06,(3.8+/-2.2)e+06,(3.9+/-2.3)e+06,(4.0+/-2.4)e+06,(4.2+/-2.5)e+06,(4.3+/-2.5)e+06,(4.4+/-2.6)e+06,(4.6+/-2.7)e+06,(4.7+/-2.8)e+06,(4.8+/-2.8)e+06,(5.0+/-2.9)e+06,(5.1+/-3.0)e+06,(5.2+/-3.1)e+06,(5.4+/-3.2)e+06,(5.5+/-3.2)e+06,(5.6+/-3.3)e+06,(5.7+/-3.4)e+06,(5.9+/-3.5)e+06
Uruguay,0,0,0,0,0,0,0,(7+/-4)e+04,(1.3+/-0.8)e+05,(2.0+/-1.2)e+05,(2.7+/-1.6)e+05,(3.4+/-2.0)e+05,(4.0+/-2.4)e+05,(4.7+/-2.8)e+05,(5.4+/-3.2)e+05,(6+/-4)e+05,(7+/-4)e+05,(7+/-4)e+05,(8+/-5)e+05,(9+/-5)e+05,(9+/-6)e+05,(1.0+/-0.6)e+06,(1.1+/-0.6)e+06,(1.1+/-0.7)e+06,(1.2+/-0.7)e+06,(1.3+/-0.8)e+06,(1.3+/-0.8)e+06,(1.4+/-0.8)e+06,(1.5+/-0.9)e+06,(1.6+/-0.9)e+06,(1.6+/-1.0)e+06,(1.7+/-1.0)e+06,(1.8+/-1.0)e+06,(1.8+/-1.1)e+06,(1.9+/-1.1)e+06,(2.0+/-1.2)e+06,(2.0+/-1.2)e+06,(2.1+/-1.2)e+06,(2.2+/-1.3)e+06,(2.2+/-1.3)e+06,(2.3+/-1.4)e+06,(2.4+/-1.4)e+06,(2.4+/-1.4)e+06,(2.5+/-1.5)e+06,(2.6+/-1.5)e+06,(2.6+/-1.5)e+06,(2.7+/-1.6)e+06,(2.8+/-1.6)e+06,(2.8+/-1.7)e+06,(2.9+/-1.7)e+06,(3.0+/-1.7)e+06,(3.0+/-1.8)e+06,(3.1+/-1.8)e+06
United States,(1.3+/-0.8)e+09,(1.3+/-0.8)e+09,(1.4+/-0.8)e+09,(1.4+/-0.8)e+09,(1.5+/-0.9)e+09,(1.5+/-0.9)e+09,(1.5+/-0.9)e+09,(1.6+/-0.9)e+09,(1.6+/-0.9)e+09,(1.6+/-1.0)e+09,(1.7+/-1.0)e+09,(1.7+/-1.0)e+09,(1.7+/-1.0)e+09,(1.8+/-1.0)e+09,(1.8+/-1.1)e+09,(1.9+/-1.1)e+09,(1.9+/-1.1)e+09,(1.9+/-1.1)e+09,(2.0+/-1.2)e+09,(2.0+/-1.2)e+09,(2.0+/-1.2)e+09,(2.1+/-1.2)e+09,(2.1+/-1.2)e+09,(2.1+/-1.3)e+09,(2.2+/-1.3)e+09,(2.2+/-1.3)e+09,(2.2+/-1.3)e+09,(2.3+/-1.3)e+09,(2.3+/-1.4)e+09,(2.4+/-1.4)e+09,(2.4+/-1.4)e+09,(2.4+/-1.4)e+09,(2.5+/-1.5)e+09,(2.5+/-1.5)e+09,(2.5+/-1.5)e+09,(2.6+/-1.5)e+09,(2.6+/-1.5)e+09,(2.6+/-1.6)e+09,(2.7+/-1.6)e+09,(2.7+/-1.6)e+09,(2.8+/-1.6)e+09,(2.8+/-1.6)e+09,(2.8+/-1.7)e+09,(2.9+/-1.7)e+09,(2.9+/-1.7)e+09,(2.9+/-1.7)e+09,(3.0+/-1.7)e+09,(3.0+/-1.8)e+09,(3.0+/-1.8)e+09,(3.1+/-1.8)e+09,(3.1+/-1.8)e+09,(3.1+/-1.9)e+09,(3.2+/-1.9)e+09
Uzbekistan,0,0,0,0,0,0,0,(1.8+/-1.0)e+05,(3.5+/-2.1)e+05,(5.3+/-3.1)e+05,(7+/-4)e+05,(9+/-5)e+05,(1.1+/-0.6)e+06,(1.2+/-0.7)e+06,(1.4+/-0.8)e+06,(1.6+/-0.9)e+06,(1.8+/-1.0)e+06,(1.9+/-1.1)e+06,(2.1+/-1.3)e+06,(2.3+/-1.4)e+06,(2.5+/-1.5)e+06,(2.7+/-1.6)e+06,(2.8+/-1.7)e+06,(3.0+/-1.8)e+06,(3.2+/-1.9)e+06,(3.4+/-2.0)e+06,(3.5+/-2.1)e+06,(3.7+/-2.2)e+06,(3.9+/-2.3)e+06,(4.1+/-2.4)e+06,(4.3+/-2.5)e+06,(4.4+/-2.6)e+06,(4.6+/-2.7)e+06,(4.8+/-2.8)e+06,(5.0+/-2.9)e+06,(5.1+/-3.0)e+06,(5.3+/-3.1)e+06,(5.5+/-3.2)e+06,(5.7+/-3.3)e+06,(5.8+/-3.4)e+06,(6.0+/-3.5)e+06,(6+/-4)e+06,(6+/-4)e+06,(7+/-4)e+06,(7+/-4)e+06,(7+/-4)e+06,(7+/-4)e+06,(7+/-4)e+06,(7+/-4)e+06,(8+/-4)e+06,(8+/-5)e+06,(8+/-5)e+06,(8+/-5)e+06
St. Vincent and the Grenadines,0.0,0.0,0.0,0.0,0.0,0.0,0.0,0.0,0.0,0.0,0.0,0.0,0.0,0.0,0.0,0.0,0.0,0.0,0.0,0.0,0.0,0.0,0.0,0.0,0.0,0.0,0.0,0.0,0.0,0.0,0.0,0.0,0.0,0.0,0.0,0.0,0.0,0.0,0.0,0.0,0.0,0.0,0.0,0.0,0.0,0.0,0.0,0.0,0.0,0.0,0.0,0.0,0.0
Venezuela,0.0,0.0,0.0,0.0,0.0,0.0,0.0,0.0,0.0,0.0,0.0,0.0,0.0,0.0,0.0,0.0,0.0,0.0,0.0,0.0,0.0,0.0,0.0,0.0,0.0,0.0,0.0,0.0,0.0,0.0,0.0,0.0,0.0,0.0,0.0,0.0,0.0,0.0,0.0,0.0,0.0,0.0,0.0,0.0,0.0,0.0,0.0,0.0,0.0,0.0,0.0,0.0,0.0
British Virgin Islands,0.0,0.0,0.0,0.0,0.0,0.0,0.0,0.0,0.0,0.0,0.0,0.0,0.0,0.0,0.0,0.0,0.0,0.0,0.0,0.0,0.0,0.0,0.0,0.0,0.0,0.0,0.0,0.0,0.0,0.0,0.0,0.0,0.0,0.0,0.0,0.0,0.0,0.0,0.0,0.0,0.0,0.0,0.0,0.0,0.0,0.0,0.0,0.0,0.0,0.0,0.0,0.0,0.0
United States Virgin Islands,0.0,0.0,0.0,0.0,0.0,0.0,0.0,0.0,0.0,0.0,0.0,0.0,0.0,0.0,0.0,0.0,0.0,0.0,0.0,0.0,0.0,0.0,0.0,0.0,0.0,0.0,0.0,0.0,0.0,0.0,0.0,0.0,0.0,0.0,0.0,0.0,0.0,0.0,0.0,0.0,0.0,0.0,0.0,0.0,0.0,0.0,0.0,0.0,0.0,0.0,0.0,0.0,0.0
Vietnam,0,0,0,0,0,0,(1.0+/-0.6)e+06,(2.1+/-1.2)e+06,(3.1+/-1.8)e+06,(4.1+/-2.4)e+06,(5.2+/-3.0)e+06,(6+/-4)e+06,(7+/-4)e+06,(8+/-5)e+06,(9+/-5)e+06,(1.0+/-0.6)e+07,(1.1+/-0.7)e+07,(1.2+/-0.7)e+07,(1.3+/-0.8)e+07,(1.4+/-0.9)e+07,(1.5+/-0.9)e+07,(1.7+/-1.0)e+07,(1.8+/-1.0)e+07,(1.9+/-1.1)e+07,(2.0+/-1.2)e+07,(2.1+/-1.2)e+07,(2.2+/-1.3)e+07,(2.3+/-1.3)e+07,(2.4+/-1.4)e+07,(2.5+/-1.5)e+07,(2.6+/-1.5)e+07,(2.7+/-1.6)e+07,(2.8+/-1.6)e+07,(2.9+/-1.7)e+07,(3.0+/-1.8)e+07,(3.1+/-1.8)e+07,(3.2+/-1.9)e+07,(3.3+/-1.9)e+07,(3.4+/-2.0)e+07,(3.5+/-2.1)e+07,(3.6+/-2.1)e+07,(3.7+/-2.2)e+07,(3.8+/-2.2)e+07,(3.9+/-2.3)e+07,(4.0+/-2.4)e+07,(4.1+/-2.4)e+07,(4.2+/-2.5)e+07,(4.3+/-2.6)e+07,(4.4+/-2.6)e+07,(4.5+/-2.7)e+07,(4.6+/-2.7)e+07,(4.7+/-2.8)e+07,(4.8+/-2.9)e+07
Vanuatu,0.0,0.0,0.0,0.0,0.0,0.0,0.0,0.0,0.0,0.0,0.0,0.0,0.0,0.0,0.0,0.0,0.0,0.0,0.0,0.0,0.0,0.0,0.0,0.0,0.0,0.0,0.0,0.0,0.0,0.0,0.0,0.0,0.0,0.0,0.0,0.0,0.0,0.0,0.0,0.0,0.0,0.0,0.0,0.0,0.0,0.0,0.0,0.0,0.0,0.0,0.0,0.0,0.0
Samoa,0.0,0.0,0.0,0.0,0.0,0.0,0.0,0.0,0.0,0.0,0.0,0.0,0.0,0.0,0.0,0.0,0.0,0.0,0.0,0.0,0.0,0.0,0.0,0.0,0.0,0.0,0.0,0.0,0.0,0.0,0.0,0.0,0.0,0.0,0.0,0.0,0.0,0.0,0.0,0.0,0.0,0.0,0.0,0.0,0.0,0.0,0.0,0.0,0.0,0.0,0.0,0.0,0.0
Kosovo,0.0,0.0,0.0,0.0,0.0,0.0,0.0,0.0,0.0,0.0,0.0,0.0,0.0,0.0,0.0,0.0,0.0,0.0,0.0,0.0,0.0,0.0,0.0,0.0,0.0,0.0,0.0,0.0,0.0,0.0,0.0,0.0,0.0,0.0,0.0,0.0,0.0,0.0,0.0,0.0,0.0,0.0,0.0,0.0,0.0,0.0,0.0,0.0,0.0,0.0,0.0,0.0,0.0
Yemen,0.0,0.0,0.0,0.0,0.0,0.0,0.0,0.0,0.0,0.0,0.0,0.0,0.0,0.0,0.0,0.0,0.0,0.0,0.0,0.0,0.0,0.0,0.0,0.0,0.0,0.0,0.0,0.0,0.0,0.0,0.0,0.0,0.0,0.0,0.0,0.0,0.0,0.0,0.0,0.0,0.0,0.0,0.0,0.0,0.0,0.0,0.0,0.0,0.0,0.0,0.0,0.0,0.0
South Africa,0,0,0,0,(5.6+/-3.3)e+05,(1.1+/-0.7)e+06,(1.7+/-1.0)e+06,(2.2+/-1.3)e+06,(2.8+/-1.6)e+06,(3.3+/-2.0)e+06,(3.9+/-2.3)e+06,(4.5+/-2.6)e+06,(5.0+/-2.9)e+06,(5.6+/-3.3)e+06,(6+/-4)e+06,(7+/-4)e+06,(7+/-4)e+06,(8+/-5)e+06,(8+/-5)e+06,(9+/-5)e+06,(9+/-6)e+06,(1.0+/-0.6)e+07,(1.1+/-0.6)e+07,(1.1+/-0.7)e+07,(1.2+/-0.7)e+07,(1.2+/-0.7)e+07,(1.3+/-0.8)e+07,(1.3+/-0.8)e+07,(1.4+/-0.8)e+07,(1.4+/-0.9)e+07,(1.5+/-0.9)e+07,(1.6+/-0.9)e+07,(1.6+/-1.0)e+07,(1.7+/-1.0)e+07,(1.7+/-1.0)e+07,(1.8+/-1.0)e+07,(1.8+/-1.1)e+07,(1.9+/-1.1)e+07,(1.9+/-1.1)e+07,(2.0+/-1.2)e+07,(2.1+/-1.2)e+07,(2.1+/-1.2)e+07,(2.2+/-1.3)e+07,(2.2+/-1.3)e+07,(2.3+/-1.3)e+07,(2.3+/-1.4)e+07,(2.4+/-1.4)e+07,(2.4+/-1.4)e+07,(2.5+/-1.5)e+07,(2.6+/-1.5)e+07,(2.6+/-1.5)e+07,(2.7+/-1.6)e+07,(2.7+/-1.6)e+07
Zambia,0.0,0.0,0.0,0.0,0.0,0.0,0.0,0.0,0.0,0.0,0.0,0.0,0.0,0.0,0.0,0.0,0.0,0.0,0.0,0.0,0.0,0.0,0.0,0.0,0.0,0.0,0.0,0.0,0.0,0.0,0.0,0.0,0.0,0.0,0.0,0.0,0.0,0.0,0.0,0.0,0.0,0.0,0.0,0.0,0.0,0.0,0.0,0.0,0.0,0.0,0.0,0.0,0.0
Zimbabwe,0.0,0.0,0.0,0.0,0.0,0.0,0.0,0.0,0.0,0.0,0.0,0.0,0.0,0.0,0.0,0.0,0.0,0.0,0.0,0.0,0.0,0.0,0.0,0.0,0.0,0.0,0.0,0.0,0.0,0.0,0.0,0.0,0.0,0.0,0.0,0.0,0.0,0.0,0.0,0.0,0.0,0.0,0.0,0.0,0.0,0.0,0.0,0.0,0.0,0.0,0.0,0.0,0.0
